title,lyrics
신호등,이제야 목적지를 정했지만가려한 날 막아서네 난 갈 길이 먼데새빨간 얼굴로 화를 냈던친구가 생각나네이미 난 발걸음을 떼었지만가려한 날 재촉하네 걷기도 힘든데새파랗게 겁에 질려 도망간친구가 뇌에 맴도네건반처럼 생긴 도로 위수많은 동그라미들 모두가멈췄다 굴렀다 말은 잘 들어그건 나도 문제가 아냐붉은색 푸른색 그 사이3초 그 짧은 시간노란색 빛을 내는저기 저 신호등이내 머릿속을 텅 비워버려내가 빠른지도느린지도 모르겠어그저 눈앞이 샛노랄 뿐이야솔직히 말하자면 차라리운전대를 못 잡던 어릴 때가더 좋았었던 것 같아그땐 함께 온 세상을거닐 친구가 있었으니건반처럼 생긴 도로 위수많은 조명들이 날 빠르게번갈아 가며 비추고 있지만난 아직 초짜란 말이야붉은색 푸른색 그 사이3초 그 짧은 시간노란색 빛을 내는 저기 저 신호등이내 머릿속을 텅 비워버려내가 빠른지도느린지도 모르겠어그저 눈앞이 샛노랄 뿐이야꼬질꼬질한 사람이나부자 곁엔 아무도 없는삼색 조명과 이색 칠 위에서 있어 괴롭히지 마붉은색 푸른색 그 사이3초 그 짧은 시간노란색 빛을 내는 저기 저 신호등이내 머릿속을 텅 비워버려내가 빠른지도느린지도 모르겠어그저 눈앞이 샛노랄 뿐이야
Savage,"Oh my gosh!Don't you know I’m a Savage?I’m a Killa 너를 깰 ae아직도 가리고 환각을 펼친 너팰라 We Holler두렵지 않아 너 너 Hit you harder날 밀어 넣어 Deep fake on me준비가 안된 무대로몰아넣어 Fake on meGot everybody mock up to me수치를 느끼게 멘탈을 흔들어놔싸늘한 관중 무너져 ae더는 널 못 참아 Say No!두고 봐 난 좀 Savage너의 Dirty 한 Play더는 두고 볼 수 없어나를 무너뜨리고 싶은네 환각들이 점점너를 구축할 이유가 돼I’m a Savage널 부셔 깨 줄게 OhI’m a Savage널 짓밟아 줄게 OhGet me get me nowGet me get me now(Zu Zu Zu Zu)지금 나를 잡아아님 난 더 Savage(Zu Zu Zu Zu)Get me get me nowGet me get me now(Zu Zu Zu Zu)이젠 내가 너를 잡아Now I'm a SavageGimme gimme nowGimme gimme now(Zu Zu Zu Zu)너의 말이 보여네 약점 Algorithm(Zu Zu Zu Zu)김이 김이 나김이 김이 나(Zu Zu Zu Zu)MA ae SYNK 방해 말고꺼져 Savage(Zu Zu Zu Zu)Mmmh Everybody looks at me익숙하잖니양보해 참아야만 돼어른스럽게I'm locked up in the glass난 놀고 싶은데너무 끔찍한 기대그런 환각 틀에 나를 가둬 놔I'm going 광야로 Game in물리쳐 교묘한 이간질And my ae로부터멀어지게 만들회심찬 네 TrickWe gone 광야로 Game in베어버려 내 빛의 검데미지를 입은 네게인정사정 볼 것 없는 펀치그것 봐 난 좀 Savage너의 재생력을 막아흐트러놔 빼놔잊지 말아 여긴 바로 광야너의 시공간은 내 뜻대로Make It break itI’m a Savage널 부셔 깨 줄게 OhI’m a Savage널 짓밟아 줄게 OhGet me get me nowGet me get me now(Zu Zu Zu Zu)지금 나를 잡아아님 난 더 Savage(Zu Zu Zu Zu)Get me get me nowGet me get me now(Zu Zu Zu Zu)이젠 내가 너를 잡아Now I'm a SavageGimme gimme nowGimme gimme now(Zu Zu Zu Zu)너의 말이 보여네 약점 Algorithm(Zu Zu Zu Zu)김이 김이 나김이 김이 나(Zu Zu Zu Zu)MA ae SYNK 방해 말고꺼져 Savage(Zu Zu Zu Zu)위기에 빠진 날 지켜준 건 너였어My naevis we love UMy victory 하나의 SYNK DIVE모두 네가 만들어준 기회란 거I know your sacrifices OhMy naevis we love U알아 우린 반드시네 기억들을 찾아줄게우린 만나 꼭 부활 그다음SavageSavageYeah~Get me get me nowGet me get me now(Zu Zu Zu Zu)지금 나를 잡아아님 난 더 Savage(Zu Zu Zu Zu)Get me get me nowGet me get me now(Zu Zu Zu Zu)이젠 내가 너를 잡아Now I'm a SavageGimme gimme nowGimme gimme now(Zu Zu Zu Zu)너의 말이 보여네 약점 Algorithm(Zu Zu Zu Zu)김이 김이 나김이 김이 나(Zu Zu Zu Zu)MA ae SYNK 방해 말고꺼져 Savage(Zu Zu Zu Zu)Ha ha, What?"
Next Level,"I’m on the Next Level Yeah절대적 룰을 지켜내 손을 놓지 말아결속은 나의 무기광야로 걸어가알아 네 Home ground위협에 맞서서제껴라 제껴라 제껴라상상도 못한 Black out유혹은 깊고 진해(Too hot too hot)맞잡은 손을 놓쳐난 절대 포기 못해I’m on the Next Level저 너머의 문을 열어Next Level널 결국엔 내가 부셔Next LevelKOSMO에 닿을 때까지Next Level제껴라 제껴라 제껴라La la la la la laLa la la la la laLa la la la la laLa la la la laI see the NU EVO.적대적인 고난과 슬픔은널 더 Popping 진화시켜That’s my naevis It’s my naevisYou lead, we follow감정들을 배운 다음Watch me while I make it outWatch me while I work it outWatch me while I make it outWatch me while I work it outWork it work it work it out감당할 수 없는 절망도내 믿음을 깨지 못해더 아픈 시련을 맞아도난 잡은 손을 놓지 않을게 Oh절대로 뒤를 돌아보지 말아광야의 것 탐내지 말아약속이 깨지면모두 걷잡을 수 없게 돼 언제부턴가 불안해져 가는 신호널 파괴하고 말 거야(We want it)Come on!Show me the way to KOSMO Yeah Black Mamba가 만들어낸 환각 퀘스트aespa, ae를 분리시켜놓길 원해 그래중심을 잃고 목소리도 잃고 비난받고사람들과 멀어지는 착각 속에naevis 우리 ae, ae들을 불러봐aespa의 Next Level “P.O.S”를 열어봐이건 REAL WORLD 깨어났어We against the villainWhat’s the name?Black Mamba결국 난 문을 열어그 빛은 네겐 Fire(Too hot too hot)난 궁금해 미치겠어이다음에 펼칠 StoryHuh!I’m on the Next Level저 너머의 문을 열어Next Level널 결국엔 내가 부셔Next LevelKOSMO에 닿을 때까지Next Level제껴라 제껴라 제껴라I’m on the Next Level더 강해져 자유롭게Next Level난 광야의 내가 아냐Next Level야수 같은 나를 느껴Next Level제껴라 제껴라 제껴라Huh!"
OHAYO MY NIGHT,너를 사랑하고 있어너를 사랑하고 있어자기야 날 사랑해주면 안 될까말처럼 쉽지는 않은 걸 알지만세게 날 안아주면 안 될까오늘따라 세상이 무섭단 말이야잠깐 인공호흡을 해주라왠지 숨이 잘 안 쉬어져서 난날 놓을 거면 과거에 놔주라네가 있는 시간에서 죽어갈 거야우리 그냥 결혼하면 안 될까돈은 내가 열심히 벌 테니까이 세상과 내가 눈감는 날까지만 날 사랑한다 말해주라내가 너를 사랑해도네가 날 안 사랑해도우린 나름대로 행복할 거야내 방 천장에 그려 본내 우주에게 물어본말은 나를 사랑하면 안 될까오사카나 오키나와의 바다내 뮤비들을 찍었던 곳 말이야같이 가자 약속했었잖아그 약속이 깨질까 봐 겁이 나WHUTUF이 결혼한다 하던 날진짜 처음으로 걔가 부럽더라하얀 웨딩드레스를 입은 아름다운너와 영원을 말할 수 있을까가족이 되어주라내 집이 되어주라나도 날 줄 테니 너도 널 주라평생의 연인이야네 말대로 말이야그래 별과 우주잖아날 사랑하지 않는다면나의 사랑 반을 받아남은 사랑의 반도내가 채워줄 거야 꼭내가 너를 사랑해도네가 날 안 사랑해도우린 나름대로 행복할 거야내 방 천장에 그려 본내 우주에게 물어본말은 나를 사랑하면 안 될까내가 너를 사랑해도네가 날 안 사랑해도우린 나름대로 행복할 거야내 방 천장에 그려 본내 우주에게 물어본말은 나를 사랑하면 안 될까
낙하 (with 아이유),"말했잖아 언젠가이런 날이 온다면난 널 혼자 내버려두지 않을 거라고 죄다 낭떠러지야, 봐예상했던 것보다더 아플지도 모르지만 내 손을 잡으면하늘을 나는 정도 그 이상도 느낄 수 있을 거야 눈 딱 감고 낙하- 하-믿어 날 눈 딱 감고 낙하 눈 딱 감고 낙하- 하-믿어 날 눈 딱 감고 낙하  초토화된 곳이든뜨거운 불구덩이든말했잖아 언젠가 그런 날에나는 널 떠나지 않겠다고 죄다 낭떠러지야, 봐예상했던 것보다더 아플지도 모르지만 내 눈을 본다면밤하늘의 별이 되는 기분을 느낄 수 있을 거야 셋 하면 뛰어 낙하- 하-핫 둘 셋 숨 딱 참고 낙하셋 하면 뛰어 낙하- 하-핫 둘 셋 숨 딱 참고 낙하Ooh show how we love보여주자 웃을 준비를 끝낸 그들에게아무것도 우리를 망가뜨리지 못해눈 딱 감고 낙하- 하-믿어 날 눈 딱 감고 낙하셋 하면 뛰어 낙하- 하-핫 둘 셋 숨 딱 참고 낙하"
바라만 본다,내가 너라면 다 알아볼 텐데널 위할 사람 찾아낼 텐데지난 오랜 시간 너의 그 곁을지켜온 나라는 걸내가 너였다면 참 행복할 텐데한 사람을 다 가졌으니까둔한 바보도 눈치챌 그 사랑을너만 왜 모르니너를 바라만 바라만 본다외쳐 네 이름만 부른다보고 싶은 맘에 너를 향한 그 발걸음네 곁을 맴도는데오늘도 그리고 그리워하다애써 참았던 눈물이 흘러그저 멀리서만 바라보다또 소리쳐 네가 보고 싶다네가 나라면 더 참 아팠을 텐데슬픈 역할은 내가 맡을게웃는 모습만 보이며 살아가 줘내가 볼 수 있게너를 바라만 바라만 본다외쳐 네 이름만 부른다보고 싶은 맘에 너를 향한 그 발걸음네 곁을 맴도는데오늘도 그리고 그리워하다애써 참았던 눈물이 흘러그저 멀리서만 바라보다 또 소리쳐네가 보고 싶다한 걸음 더 다가갈까더 가까이 네게 갈까 OH어제보다 더 내일 더 널 사랑해I’ll make you love me someday혼자 바라고 바라만 보다울컥 그리움이 솟는다바보 같은 맘에 하지 못한 그 한마디널 사랑한다는 말얼마나 그리고 그리워해야내 맘 너의 곁에 닿게 될까매일 하루 종일 너의 생각에 사무쳐너무 보고 싶다
다정히 내 이름을 부르면,끝없이 별빛이 내리던 밤기분 좋은 바람이두 빰을 스치고새벽 바다 한곳을 보는아름다운 너와 나그림을 그려갔어모래 위 떨린 손끝으로날 향해 웃어주는 입술끝 모양과 저 달보다사랑스러운 두 눈을 가진 네가다정히 내 이름을부르면 내 마음이녹아내려 언제나나 하날 위해 준비된선물 같아 널 안으면잠들지 않는 바다 위를너와 함께 걷는 거 같아하늘 아래 너와 나남은 내 모든 날을 너에게다 줘도 안 아까워이제서야 내가사랑에 눈을 뜬 건 가봐경험하지 못했고믿기지 않는 일만일어나고 있는 거 아니5월에 피는 봄꽃 처럼내 사랑도 피어나부는 바람에 살며시 실어 보내다정히 내 이름을부르면 내 마음이녹아내려 언제나나 하날 위해 준비된선물 같아 널 안으면잠들지 않는 바다 위를너와 함께 걷는 거 같아하늘 아래 너와 나설레는 지금이꿈이 아닌 걸 알잖아난 더 바랄 게 없어먼 훗날 내 생애아주 작은 소리로귓가에 말할 거야내 곁에 머물러줘서마음 다해 고맙다고어떤 말로도 표현 못 할내 인생의 전부였다고이 순간 너를 꼭 안고고백할게 언제나우리 모든 날들과별빛 아래 우리 그림자제일로 특별하다고길고 긴 겨울 끝을 지나너의 앞에 서있는 지금선명한 목소리로널 사랑한다고말할게
Permission to Dance,"It’s the thought of being youngWhen your heart’s just like a drumBeating louder with no way to guard itWhen it all seems like it’s wrongJust sing along to Elton JohnAnd to that feeling, we’re just getting startedWhen the nights get colderAnd the rhythms got you falling behindJust dream about that momentWhen you look yourself right in the eye, eye, eyeThen you sayI wanna danceThe music’s got me goingAin’t nothing that can stop how we move yeahLet’s break our plans And live just like we’re goldenAnd roll in like we’re dancing fools We don’t need to worry ‘Cause when we fall we know how to land Don’t need to talk the talk, just walk the walk tonight ‘Cause we don’t need permission to dance There’s always something that’s standing in the wayBut if you don’t let it faze yaYou’ll know just how to breakJust keep the right vibe yeah‘Cause there’s no looking backThere ain’t no one to proveWe don’t got this on lock yeahThe wait is overThe time is now so let’s do it right Yeah we’ll keep goingAnd stay up until we see the sunriseAnd we’ll sayI wanna danceThe music’s got me goingAin’t nothing that can stop how we move yeahLet’s break our plansAnd live just like we’re goldenAnd roll in like we’re dancing foolsWe don’t need to worry‘Cause when we fall we know how to landDon’t need to talk the talk, just walk the walk tonight‘Cause we don’t need permission to danceDa na na na na na naDa na na na na na naDa na na na na na naNo, we don’t need permission to dance Da na na na na na naDa na na na na na naDa na na na na na naWell let me show yaThat we can keep the fire alive‘Cause it’s not overTill it’s over say it one more timeSayI wanna danceThe music’s got me goingAin’t nothing that can stop how we move yeahLet’s break our plansAnd live just like we’re goldenAnd roll in like we’re dancing foolsWe don’t need to worry‘Cause when we fall we know how to landDon’t need to talk the talk, just walk the walk tonight‘Cause we don’t need permission to dance"
Weekend,가장 가까운 바다혼자만의 영화관그냥 이끌리는 대로 해도 괜찮으니까Every morning 울린Beep beep beep beep 소리귀에 윙윙윙 맴도는나를 재촉하던 모닝콜 없이 일어나Cheese cake 한 입유리컵 한가득내린 커피 한 잔아이스로 할래 아주 여유롭게문득 시곌 보니벌써 시간은 열두시그래도 아주 느긋해그리곤 하품 한 번한껏 기지개도 켜고생각해 오늘 뭐 할까창문 너머 계절에 시선이 닿은 그 순간쏟아지는 햇살 내 맘을 두드려내게 손짓하는 싱그러운 바람 타고서떠나볼래 When the weekend comesI can do whatever I want바람 따라 흩어진 cloud더 자유롭게 we can go가장 가까운 바다혼자만의 영화관그냥 이끌리는 대로 해도 괜찮으니까훌쩍 떠나보는 drive뚜벅 걸어도 좋아뭐든 발길 닿는 대로 지금 떠나보려 해 oh하루쯤 세상의 얘길 무시한 채내가 나의 하루를 조립해 보려 해더는 no no stress 고민 안 할래Move it right left right 내 맘대로가본 적도 없는 길 뭐가 있든지I don’t need a mapwhen I roll the streets이어 가보는 이윤 for a little fun계속 up up up 좀 더 올라가한쪽 길모퉁이 따라 맘대로 자라난조그만 이름 모를 꽃한참을 바라보다 뜨거운 햇살을 피해벤치에 잠깐 앉아 봐느려지는 걸음 그림자의 속도를 따라함께 걷는 태양과 발을 맞추고뒤이을 달빛을 따라 돌아오고 싶은 걸떠나볼래 When the weekend comesI can do whatever I want바람 따라 흩어진 cloud더 자유롭게 we can go아무 계획이 없어서 완벽한 plan우연히 찾아낸 secret place그곳에 두고 와 나만의 작은 짐골목길 끝을 돌아 만나게 될기분 좋은 surprise 또 설렘두근두근 온종일고소한 향기의 coffee shop눈에 들어오는 예쁜 옷Do it for the weekenddo it for the weekend맘에 들어오는 걸 더는 망설이긴 싫은 걸그래도 돼 When the weekend comesI can do whatever I want바람 따라 흩어진 cloud더 자유롭게 we can go가장 가까운 바다혼자만의 영화관그냥 이끌리는 대로 해도 괜찮으니까훌쩍 떠나보는 drive뚜벅 걸어도 좋아뭐든 발길 닿는 대로 지금 떠나보려 해 oh
strawberry moon,"달이 익어가니 서둘러 젊은 피야민들레 한 송이 들고사랑이 어지러이 떠다니는 밤이야날아가 사뿐히 이루렴팽팽한 어둠 사이로떠오르는 기분이 거대한 무중력에 혹 휘청해도두렵진 않을 거야푸르른 우리 위로커다란 strawberry moon 한 스쿱나에게 너를 맡겨볼래 eh-oh바람을 세로질러날아오르는 기분 so cool삶이 어떻게 더 완벽해 ooh다시 마주하기 어려운 행운이야온몸에 심장이 뛰어Oh 오히려 기꺼이 헤매고픈 밤이야너와 길 잃을 수 있다면맞잡은 서로의 손으로출입구를 허문이 무한함의 끝과 끝 또 위아래로비행을 떠날 거야 푸르른 우리 위로 커다란 strawberry moon 한 스쿱나에게 너를 맡겨볼래 eh-oh바람을 세로질러날아오르는 기분 so cool삶이 어떻게 더 완벽해 ooh놀라워 이보다꿈같은 순간이 또 있을까 (더 있을까)아마도 우리가 처음 발견한오늘 이 밤의 모든 것, 그 위로 날아푸르른 우리 위로커다란 strawberry moon 한 스쿱세상을 가져보니 어때 eh-oh바람을 세로질러날아오르는 기분 so cool삶이 어떻게 더 완벽해 ooh"
Butter,"Smooth like butterLike a criminal undercoverGon’ pop like troubleBreakin’ into your heart like thatCool shade stunnerYeah I owe it all to my motherHot like summerYeah I’m makin’ you sweat like thatBreak it downOh when I look in the mirrorI’ll melt your heart into 2I got that superstar glow so Do the boogie likeSide step right left to my beat (heartbeat)High like the moon rock with me babyKnow that I got that heatLet me show you ‘cause talk is cheapSide step right left to my beat (heartbeat)Get it, let it rollSmooth like butterPull you in like no otherDon’t need no UsherTo remind me you got it badAin’t no otherThat can sweep you up like a robberStraight up, I got yaMakin’ you fall like thatBreak it downOh when I look in the mirrorI’ll melt your heart into 2I got that superstar glow so Do the boogie likeSide step right left to my beat (heartbeat)High like the moon rock with me babyKnow that I got that heatLet me show you ‘cause talk is cheapSide step right left to my beat (heartbeat)Get it, let it rollGet it, let it rollGet it, let it rollNo ice on my wristI'm that n-ice guyGot that right body and that right mindRollin' up to party got the right vibeSmooth like butterHate us love usFresh boy pull up and we lay lowAll the playas get movin’ when the bass lowGot ARMY right behind us when we say soLet's goSide step right left to my beat (heartbeat)High like the moon rock with me babyKnow that I got that heatLet me show you ‘cause talk is cheapSide step right left to my beat (heartbeat)Get it, let it rollSmooth like (butter)Cool shade (stunner)And you know we don't stopHot like (summer)Ain’t no (bummer)You be like oh my godWe gon’ make you rock and you say (yeah)We gon’ make you bounce and you say (yeah)Hotter?Sweeter!  Cooler?Butter!Get it, let it roll"
헤픈 우연,처음이라기엔 너무길을 이미 다 아는 듯이우연히라기엔 모두다 정해진 듯이우연히 눈을 떠 보니이 세상에 태어나 있었고하필 네가 있는 곳이었다서서히 몸에 배어버린사소한 습관들이네게로 가는 길을 내게 알려줘처음이라기엔 너무길을 이미 다 아는 듯이우연히라기엔 모두다 정해진 듯이고통의 사랑도보통의 이별도You can make it happen You can make it heaven 우연히라기엔 모두다 정해진 듯이만약 내가 그때 그곳을헤매지 않았더라면 그날 네가 마음 아픈 이별을 안 했었더라면 네 뒤를 따라 걷던 곳네가 떨어트렸던 꽃 위태롭던 시간 속서로를 기다려왔어운명이라고 하기엔이를 수 있다 생각해우연히라고 하기엔설명이 필요한 것 같아어쩌면 또 스칠 수 있을지 몰라도지금이 아니면 안 될 것 같던 그 때로처음이라기엔 너무길을 이미 다 아는 듯이우연히라기엔 모두다 정해진 듯이고통의 사랑도보통의 이별도You can make it happen You can make it heaven 우연히라기엔 모두다 정해진 듯이어쩌면 기억을 지운 채로하나였던 우린 둘이 되고 운명이란 작은 점 안에서 서로를 찾으며 살았는지도고통의 사랑도보통의 이별도You can make it happen You can make it heaven 우연히라기엔 모두다 정해진 듯이우연히서서히점점 더 멀어져가 우연히천천히처음그곳으로 가
좋아좋아,처음 널 만나는 날노란 세 송이 장미를 들고룰루랄라 신촌을 향하는내 가슴은 마냥 두근두근생머리 휘날리며나를 향해 손을 흔드는 너머리에서 발 끝까지나를 사로잡네 이야에로니가 좋아 너무 좋아내 모든걸 주고 싶어너에게만은 내 마음난 꾸미고 싶지 않아언제까지 너와 함께 있을 거야 예룰루랄라 신촌을 누비는내 마음은 마냥 이야에로여보세요 나의 천사어떻게 내 마음을 훔쳤나요괜찮아요 나의 천사 가져간내 마음을 고이 간직해줘요니가 좋아 너무 좋아내 모든걸 주고 싶어너에게만은 내 마음난 꾸미고 싶지 않아니가 좋아 너무 좋아내 모든걸 주고 싶어너에게만은 내 마음난 꾸미고 싶지 않아언제까지 너와 함께 있을 거야 음
시간을 거슬러 (낮에 뜨는 달 X 케이윌),구름에 빛은 흐려지고창가에 요란히 내리는빗물 소리만큼 시린 기억들이내 마음 붙잡고 있는데갈수록 짙어져 간 그리움에 잠겨시간을 거슬러 갈 순 없나요그때처럼만 그대 날 안아주면괜찮을 텐데 이젠젖어든 빗길을 따라가함께한 추억을 돌아봐흐려진 빗물에 떠오른 그대가내 눈물 속에서 차올라와갈수록 짙어져 간 그리움에 잠겨시간을 거슬러 갈 순 없나요그때처럼만 그대 날 안아주면괜찮을 텐데 이젠흩어져 가나와 있어주던 그 시간도그 모습도다시 그때처럼만 그대를 안아서시간을 거슬러 갈 순 없나요한 번이라도 마지막일지라도괜찮을 텐데
Dynamite,Cos ah ahI’m in the stars tonightSo watch me bring the fireand set the night alightShoes on get up in the mornCup of milk let’s rock and rollKing Kong kick the drumrolling on like a rolling stoneSing song when I’m walking homeJump up to the top LeBronDing dong call me on my phoneIce tea and a game of ping pongThis is getting heavyCan you hear the bass boomI’m readyLife is sweet as honeyYeah this beat cha chinglike moneyDisco overload I’m intothat I’m good to goI'm diamond you know I glow upHey so let’s goCos ah ahI’m in the stars tonightSo watch me bring the fireand set the night alightShining through the citywith a little funk and soulSo I’mma light it uplike dynamite woahBring a friend join the crowdWhoever wanna come alongWord up talk the talkjust move like we off the wallDay or night the sky’s alightSo we dance to the break of dawnLadies and gentlemenI got the medicineso you should keep yaeyes on the ball huhThis is getting heavyCan you hear the bass boomI’m readyLife is sweet as honeyYeah this beat cha chinglike moneyDisco overloadI’m into that I’m good to goI'm diamond you know I glow upLet’s goCos ah ahI’m in the stars tonightSo watch me bring the fireand set the night alightShining through the citywith a little funk and soulSo I’mma light it uplike dynamite woahDynnnnnanana life is dynamiteDynnnnnanana life is dynamiteShining through the citywith a little funk and soulSo I’mma light it uplike dynamite woahDynnnnnanana ehDynnnnnanana ehDynnnnnanana ehLight it up like dynamiteDynnnnnanana ehDynnnnnanana ehDynnnnnanana ehLight it up like dynamiteCos ah ahI’m in the stars tonightSo watch me bring the fireand set the night alightShining through the citywith a little funk and soulSo I’mma light it uplike dynamiteCos ah ahI’m in the stars tonightSo watch me bring the fireand set the night alightShining through the citywith a little funk and soulSo I’mma light it uplike dynamite woahDynnnnnanana life is dynamiteDynnnnnanana life is dynamiteShining through the citywith a little funk and soulSo I’mma light it uplike dynamite woah
고백,달이 차고 내 마음도 차고이대로 담아 두기엔너무 안타까워너를 향해 가는데달은 내게 오라 손짓하고귓속에 얘길 하네지금 이 순간이바로 그 순간이야제일 마음에 드는 옷을 입고노란 꽃 한 송이를 손에 들고널 바라 보다 그만나도 모르게 웃어버렸네이게 아닌데내 마음은 이게 아닌데널 위해 준비한 오백 가지멋진 말이 남았는데사랑한다는그 흔한 말이 아니야그 보단 더욱더 로맨틱하고달콤한 말을 준비했단 말야숨이 차고 밤 공기도 차고두 눈을 감아야만네 모습이 보여걸을 수가 없는데구름 위를 걷는다는 말이과장이 아니란 걸 알게 됐어널 알게 된 후부터 나의 모든 건다 달라졌어이게 아닌데내 마음은 이게 아닌데널 위해 준비한 오백 가지멋진 말이 남았는데사랑한다는 그 흔한 말이 아니야그 보단 더욱더 로맨틱하고달콤한 말을 준비했단 말야나를 봐줘요 내 말을 들어봐 줘요아무리 생각을 하고 또 해도믿어지지 않을 만큼 사랑해
DUMB DUMB,"거울 앞에서 또 연습해두 눈을 크게 떠이런 표정을 넌 좋아해어떻게 하면 더 연약해 청초해 보일까안 꾸민듯 꾸며보곤 해여자의 마음을 너무 몰라 넌Let me just say it now두려운 내 모습까지 감싸 안아줘난 네 머리 꼭대기에서 춤춰 you dumb dumb난 네 머리 꼭대기에서 춤춰 you dumb dumb영혼까지 끌어 떠는 내숭 결국 이게 다 널 위한거야Dumb dumb dumb순수한 내 눈빛보고 잔머리 굴리지말고Let’s play dumb dumb dumb원래 많이 못 먹어요 양이 적어서 yeah벌렌 절대 못 잡아요 너무 무서워Nah, I aint got time for thatTried to act the part and rewind it backOver and over, shows over, take or leaveIt’s make love or, make believe여자의 마음을 너무 몰라 넌Let me just say it now두려운 내 모습까지 감싸 안아줘난 네 머리 꼭대기에서 춤춰 you dumb dumb난 네 머리 꼭대기에서 춤춰 you dumb dumb영혼까지 끌어 떠는 내숭 결국 이게 다 널 위한거야Dumb dumb dumb순수한 내 눈빛보고 잔머리 굴리지말고Let’s play dumb dumb dumbHey dumb dumb네가 사랑에 빠진건 내 계획대로 done doneHey dumb dumb이제 애쓰지 않아도 tell me that I’m the one oneHey dumb dumb네가 사랑에 빠진건 내 계획대로 done doneHey dumb dumb이제 애쓰지 않아도난 네 머리 꼭대기에서 춤춰 you dumb dumb"
Queendom,"QueensAh yeah ah yeahAh yeah ah yeahDururururu uh-huhAh yeah ah yeahAh yeah ah yeahYeahHey, here we go again눈부신 햇살 아래아이처럼 활짝 웃는 너Oh hey! 같은 꿈속에우릴 계속 불러 댄먼 기억 너머의 WonderlandWe are Queens in the red castleDon’t need crown 타고났지 Dazzle함께 만들어 온 Paradigm확실히 다른 Stereotype볼수록 빛나는 PoseProblems? 저 하늘 위로던져! We are makin’ the rules‘Cause we are Queens and Kings손을 더 높이모일수록 아름답게Shining bling bling비가 내려도Strong and beautiful모두 다른 색깔로 완성한 RainbowLadida-do Ba-badidaLadida-do Ba-badida다시 한번 시작해볼까That’s our Queendom yeahLadida-do Ba-badidaLadida-do Ba-badida너와 손을 맞잡은 순간That’s our QueendomWe we we strong, nothing missingWake up 답은 SimpleBe Boss 불어 Whistle더 큰 세상이 너를 주목해축제를 열어볼까난 너의 손을 잡아기다린 지금이야너답게 펼쳐봐놀러와 My carnivalClimax? 지금부터야Watch out! We are makin’ the rules‘Cause we are Queens and Kings손을 더 높이모일수록 아름답게Shining bling bling비가 내려도Strong and beautiful모두 다른 색깔로 완성한 Rainbow더 크게 외쳐 We do it better어둠을 헤쳐 빛을 따라가새로운 Color 이름은 TogetherIt’s now or never, we got forever‘Cause we are Queens and Kings손을 더 높이모일수록 아름답게Shining bling bling비가 내려도Strong and beautiful모두 다른 색깔로 완성한 RainbowLadida-do Ba-badidaLadida-do Ba-badida다시 한번 시작해볼까That’s our Queendom yeahLadida-do Ba-badidaLadida-do Ba-badida너와 손을 맞잡은 순간That’s our Queendom yeah"
너를 생각해,너를 들려주고 싶었어이 노랠 만들 때아마 니가 정말 많이 좋아할꺼야이젠 내겐 니가 없어서나 혼자 불러도혹시 듣게 되면 그게 니 얘기라고난 노랠 만들 땐늘 너를 생각해어딘가 혼자 진지한 표정고개를 끄덕거리고 나선항상 흥얼거리며 따라 불렀어나를 보며 신나있던 너에게불러주고 싶던 노래를왜 이제야 겨우 완성했을까이 노랜 널 사랑한다는 내 얘기가잔뜩 들어갔어야 하는 노랜데너를 들려주고 싶었어이 노랠 만들 때아마 니가 정말 많이 좋아할꺼야이젠 내겐 니가 없어서나 혼자 불러도혹시 듣게 되면 그게 니 얘기라고니가 자주 가곤했던 카페에이 노래가 나올 때까지니 친구가 따라 부를 때까지이 노랠 유명해지게 계속 불러서나는 너에게로 꼭 닿고 말거야너를 들려주고 싶었어이 노랠 만들때아마 니가 정말 많이 좋아할꺼야이젠 내겐 니가 없어서나 혼자 불러도혹시 듣게 되면 그게 니 얘기라고너를 사랑할땐 몰랐던바보라 미안해아마 이걸 듣고 너는 원망하겠지이젠 내가 많이 잘할게너 혼자 울지마혹시 듣게 되면 아직 너뿐이라고
라일락,나리는 꽃가루에 눈이 따끔해 (아야)눈물이 고여도 꾹 참을래내 마음 한켠 비밀스런 오르골에 넣어두고서영원히 되감을 순간이니까 우리 둘의 마지막 페이지를 잘 부탁해어느 작별이 이보다 완벽할까Love me only till this spring오 라일락 꽃이 지는 날 good bye이런 결말이 어울려 안녕 꽃잎 같은 안녕하이얀 우리 봄날의 climax아 얼마나 기쁜 일이야Ooh ooh Love me only till this spring봄바람처럼Ooh ooh Love me only till this spring봄바람처럼기분이 달아 콧노래 부르네 (랄라)입꼬리는 살짝 올린 채어쩜 이렇게 하늘은 더 바람은 또 완벽한 건지오늘따라 내 모습 맘에 들어처음 만난 그날처럼 예쁘다고 말해줄래어느 이별이 이토록 달콤할까Love resembles misty dream오 라일락 꽃이 지는 날 good bye이런 결말이 어울려안녕 꽃잎 같은 안녕하이얀 우리 봄날의 climax아 얼마나 기쁜 일이야Ooh ooh Love resembles misty dream뜬구름처럼Ooh ooh Love resembles misty dream뜬구름처럼너도 언젠가 날 잊게 될까지금 표정과 오늘의 향기도단잠 사이에 스쳐간봄날의 꿈처럼오 라일락 꽃이 지는 날 good bye너의 대답이 날 울려안녕 약속 같은 안녕하이얀 우리 봄날에 climax아 얼마나 기쁜 일이야Ooh ooh Love me only untill this spring봄바람처럼Ooh ooh Love me only untill this spring봄바람처럼Ooh ooh Love resembles misty dream뜬구름처럼Ooh ooh Love resembles misty dream뜬구름처럼
Celebrity,"세상의 모서리구부정하게 커버린골칫거리 outsider걸음걸이, 옷차림, 이어폰 너머 play list음악까지 다 minor넌 모르지떨군 고개 위환한 빛 조명이어딜 비추는지느려도 좋으니결국 알게 되길The one and only You are my celebrity잊지마 넌 흐린 어둠 사이왼손으로 그린 별 하나보이니 그 유일함이 얼마나아름다운지 말야You are my celebritycelebrityYou are my celebrity지쳐버린 표정 마치전원을 꺼놓은 듯이심장소린 too quiet네가 가진 반짝거림,상상력, identity까지 모조리 diet넌 모르지아직 못다 핀널 위해 쓰여진오래된 사랑시헤매도 좋으니웃음 짓게 되길The one and onlyYou are my celebrity잊지마 넌 흐린 어둠 사이왼손으로 그린 별 하나보이니 그 유일함이 얼마나아름다운지 말야You are my celebrity 발자국마다 이어진 별자리그 서투른 걸음이 새겨놓은 밑그림오롯이 너를 만나러 가는 길그리로 가면 돼 점선을 따라잊지마 이 오랜 겨울 사이언 틈으로 피울 꽃 하나보이니 하루 뒤 봄이 얼마나아름다울지 말야You are my celebritycelebrityYou are my celebrity"
가을 타나 봐,계절은 돌고 돌아 돌아오는데사랑은 돌고 돌아 떠나버리고추억을 돌고 돌아 멈춰 서있는다시 그 계절이 왔나 봐나 가을 타나 봐니가 그리워진 이 밤나 혼자 널 기다리나 봐나 가을 타나 봐니가 불어오는 이 밤나 혼자서 가을 타나 봐Baby I'm lonely lonely lonely lonely추억은 Falling falling falling falling아무리 멀리멀리떠나보내도 돌아오는 난가을 타나 봐내 곁을 스쳐 가는 많은 사람들뭘 해도 채워지지 않는 시간들아무리 잊어봐도 짙어져 가는외로운 계절이 왔나 봐나 가을 타나 봐니가 그리워진 이 밤나 혼자 널 기다리나 봐나 가을 타나 봐니가 불어오는 이 밤나 혼자서 가을 타나 봐Baby I'm lonely lonely lonely lonely추억은 Falling falling falling falling아무리 멀리멀리떠나보내도 돌아오는 난가을 타나 봐You're always breathing in my mind가슴 한구석이 시려와Baby I'm missing you every night니가 그리워나 외로웠나 봐니가 없는 이 거리에나 혼자 널 서성이나 봐참 보고 싶나 봐너를 보내놓고 아직나 혼자 널 사랑하나 봐아직인가 봐 사랑하나 봐니가 날 떠나가던시린 이 계절이 돌아오면가을 타나 봐그리운가 봐가을 타나 봐
비와 당신,이젠 당신이 그립지 않죠보고 싶은 마음도 없죠사랑한 것도 잊혀 가네요조용하게알 수 없는 건 그런 내 맘이비가 오면 눈물이 나요아주 오래 전 당신 떠나던그날처럼이젠 괜찮은데 사랑 따윈 저버렸는데바보 같은 난 눈물이 날까아련해지는 빛 바랜 추억그 얼마나 사무친 건지미운 당신을 아직도 나는그리워하네이젠 괜찮은데 사랑 따윈 저버렸는데바보 같은 난 눈물이 날까다신 안 올 텐데 잊지 못한 내가 싫은데언제까지나 맘은 아플까
롤린 (Rollin'),그 날을 잊지 못해 babe날 보며 환히 웃던 너의 미소에홀린 듯 I'm fall in loveBut 너무 쪽팔림에 난 그저한마디 말도 못해 babe I wanna you 너의 눈빛은 날 자꾸 네 곁을 맴돌게 해Just only you 굳게 닫힌 내 맘이 어느새 무너져버려 Because of you온통 너의 생각뿐이야 나도 미치겠어너무 보고 싶어 매일 매일 매일자꾸 초라해지잖아 내 모습이그대여 내게 말해줘 사랑한다고Rollin' Rollin' Rollin' Rollin' Rollin' Rollin' Rollin' Rollin' Rollin' Rollin' Rollin' Rollin' 하루가 멀다 하고 Rolling in the deep Rollin' Rollin' Rollin' Rollin' Rollin' Rollin' Rollin' Rollin' 기다리고 있잖아 Babe Just only you기다리고 있잖아 Babe Just only youHey I just wanna be with you오늘 밤이 가기 전에I can't feel you 조금 더 다가와 줘 Tonight I'm ready for youYou wanna touch me I know대체 뭘 고민해 빨리 안아아닌 척 모르는 척 하다가늦게 놓치고 후회 말아I wanna you 너의 눈빛은 날 자꾸 네 곁을 맴돌게 해Just only you 굳게 닫힌 내 맘이 어느새 무너져버려 Because of you온통 너의 생각뿐이야 나도 미치겠어너무 보고 싶어 매일 매일 매일자꾸 초라해지잖아 내 모습이그대여 내게 말해줘 사랑한다고Rollin' Rollin' Rollin' Rollin' Rollin' Rollin' Rollin' Rollin' Rollin' Rollin' Rollin' Rollin' 하루가 멀다 하고 Rolling in the deep Rollin' Rollin' Rollin' Rollin' Rollin' Rollin' Rollin' Rollin' 기다리고 있잖아 Babe Just only you이제 와 숨기려 하지 마요그대여 아닌 척하지 마요온종일 난 그대 생각에 잠긴 채로난 이대로 기다리고 있어요Rollin' Rollin' Rollin' Rollin' Rollin' Rollin' Rollin' Rollin' Rollin' Rollin' Rollin' Rollin' 하루가 멀다 하고 Rolling in the deep Rollin' Rollin' Rollin' Rollin' Rollin' Rollin' Rollin' Rollin' 기다리고 있잖아 Babe Just only you기다리고 있잖아 Babe Just only you
Dun Dun Dance,Dun Dun Dance Dun Dun DanceDun Dun DanceJust dance Just danceDun Dun Dance Dun Dun DanceDun Dun DanceJust dance Just dance유성이 비처럼 쏟아지는 하늘그 아래 너와 함께 춤추고 싶어색색의 옷들과 예쁜 액세서리oh baby흐르는 저 음악이내 맘을 설레게 하지I feel the disco rhythm in my body다른 아무것도 생각하진 마yeah 발자국으로 가득한무대 위에 올라자유로운 몸짓 그 사랑스런 느낌저 따분했던 하루와일상에서 벗어나 oh tonightJust you and I지구를 등지고 떠올라맘껏 crazy crazy crazy 긴 춤을 춰말리지 마 지금 내 기분은feel so high멀리 멀리 멀리 다 눈부셔I just wanna Dun Dun DanceDun Dun Dance Dun Dun DanceOh baby give me babygive me baby give me more날 멈추지 마 love this songJust wanna Dun Dun DanceDun Dun Dance Dun Dun DanceJust dance Just danceShining like a disco ball빨간 high heels on the roadGot my eyes on youand you got yours저 태양이 다시 눈뜰 때까지넌 평범한데 뭔가 달라왠지 묘한 구석이 있네난 가려져 있는 게 보여우린 모두 이상해 조금씩은 yeah사람을 가장한 낯선 존재들처럼oh babyyeah 놀라지 않아괜찮아 좀 더 가까이 와다른 시선 따위 다 잊어버려 우리늘 복잡한 저세상과기대에서 벗어나 oh tonightJust you and I지구를 등지고 떠올라맘껏 crazy crazy crazy 긴 춤을 춰말리지 마 지금 내 기분은feel so high멀리 멀리 멀리 다 눈부셔I just wanna Dun Dun DanceDun Dun Dance Dun Dun DanceOh baby give me babygive me baby give me more날 멈추지 마 love this songJust wanna Dun Dun DanceDun Dun Dance Dun Dun DanceJust dance Just dance어차피 작은 점일 뿐야보석 같은 아이야몇 발짝 멀리 떨어져서 바라보면 돼우린 dancing on fireJust you and I지구를 등지고 떠올라맘껏 crazy crazy crazy 긴 춤을 춰말리지 마 지금 내 기분은feel so high멀리 멀리 멀리 다 눈부셔I just wanna Dun Dun DanceDun Dun Dance Dun Dun DanceOh baby give me babygive me baby give me more날 멈추지 마 love this songJust wanna Dun Dun DanceDun Dun Dance Dun Dun DanceJust dance Just dance
비가 오는 날엔 (2021),세상이 어두워지고조용히 비가 내리면여전히 그대로오늘도 어김없이 난벗어나질 못하네너의 생각 안에서이제 끝이라는 걸 알지만미련이란 걸 알지만이제 아닐 걸 알지만그까짓 자존심에널 잡지 못했던 내가조금 아쉬울 뿐이니까비가 오는 날엔 나를 찾아와밤을 새워 괴롭히다비가 그쳐가면 너도 따라서서서히 조금씩 그쳐가겠지취했나 봐그만 마셔야 될 것 같애비가 떨어지니까나도 떨어질 것 같애뭐 네가 보고 싶다거나그런 건 아냐다만 우리가 가진 시간이 좀날카로울 뿐참 좋아했었던 이런 날이면아직 너무 생생한기억을 꺼내놓고추억이란 덫에일부러 발을 들여놔벗어나려고 발버둥조차치지 않아이제 너를 다 지워냈지만모두 다 비워냈지만또다시 비가 내리면힘들게 숨겨놨던너의 모든 기억들이다시 돌아와 널 찾나 봐비가 오는 날엔 나를 찾아와밤을 새워 괴롭히다비가 그쳐가면 너도 따라서서서히 조금씩 그쳐가겠지너에게로이젠 돌아갈 길은 없지만지금 행복한 너를 보며난 그래도 웃어볼게널 잡을 수 있었던힘이 내겐 없었으니까어차피 끝나버린 걸 이제 와어쩌겠어뒤늦게 후회나 하는 거지덜 떨어진 애처럼비는 항상 오니까계속 반복되겠지그치고 나면 그제서야나도 그치겠지비는 항상 오니까계속 반복되겠지그치고 나면 그제서야나도 그치겠지
"사이렌 Remix (Feat. UNEDUCATED KID, Paul Blanco)",울려댔어 사이렌텅 빈 길거리엔도망치다 흘린 칼자루와 피가 흥건해우리 그때 어릴땐뭘 몰랐었지 man그냥 힘쎈 형이 제일로 멋졌었지 그땐그래 우린 살아나왔어 지옥이제 어딜가든 다 비옥수도 없이 맛본 치욕어릴때부터 입에 붙은 쌍욕절대 할 수 없었지 신고할 수 있는게 오직 기도어떻게 느끼겠어 피곤붉게 물들지 않을려 내 흰옷침대가 없어서 엄마랑 잤어매일 밤마다 우는 소리가 들려난 대체 뭘 해야 되는지 몰라서 그냥 계속했어 자는 척떨면서 BBQ 치킨을 시켰어엄마는 우리를 속였어고작 15000원 때문에엄마 내가 돈 어떻게든 벌어올게이제 남몰래 눈물 흘리지 않아도 돼내 몸 하나 불살라서라도 꺼내줄게난 그 모습 다시 실눈 뜨고 볼 순 없기에울려댔어 사이렌텅 빈 길거리엔도망치다 흘린 칼자루와 피가 흥건해우리 그때 어릴땐뭘 몰랐었지 man그냥 힘쎈 형이 제일로 멋졌었지 그땐그래 우린 살아나왔어 지옥이제 어딜가든 다 비옥수도 없이 맛본 치욕어릴때부터 입에 붙은 쌍욕절대 할 수 없었지 신고할 수 있는게 오직 기도어떻게 느끼겠어 피곤붉게 물들지 않을려 내 흰옷여기서 더 있다간 감방이 내 방종신형이 친구 책가방 안에어린 내가 짝사랑하던 그 여잔이 block에서 지금 몸 팔아새꺄 this real life김치 냄새 땜에 놀려대길래도시락통을 닫아That’s real life그런 날 보고 지 점심을 나눠준꼬마가 있었어That’s real life어느 날 관 속에그 친구의 얼굴을 만지게 됐어That’s울려댔어 사이렌텅 빈 길거리엔도망치다 흘린 칼자루와 피가 흥건해우리 그때 어릴땐뭘 몰랐었지 man그냥 힘쎈 형이 제일로 멋졌었지 그땐그래 우린 살아나왔어 지옥이제 어딜가든 다 비옥수도 없이 맛본 치욕어릴때부터 입에 붙은 쌍욕절대 할 수 없었지 신고할 수 있는게 오직 기도어떻게 느끼겠어 피곤붉게 물들지 않을려 내 흰옷
ASAP,STAYC girls it’s going downTime is running boy그건 누구에겐 돈You know I’m so dope더는 못 기다려 줘원래 나는 좀 참을성이 없는 몸솔직한 게 좋은 걸But you gotta knowyeah e yeah달콤하기만 해도 싫어So check it매너 좋은 거 착한 거는나도 구분해 e yeah순간 반짝할 거면 시작도 않는 걸Sometimes 내가 생각해도I think I’m really coolASAP 내 반쪽 아니 완전 Copy나와 똑같아 내 맘 잘 알아줄ASAP 꼭 닮은 내 Decalcomanie눈앞에 나타나 줘ASAPwhoo woo woo wooASAPwhoo woo woo woo눈앞에 눈앞에 나타나 줘No I’m not picky 가끔 까탈스럽대It’s ok but I care콧대 높대 아닌데 Get it이해하게 될 걸 너만 나타나면So baby hurry up I’m just waiting on달콤하기만 해도 싫어 So check it겉만 그런지 진심인지나도 구분해 e yeah금방 타오른다면 쉽게 꺼지는 걸Sometimes 내가 생각해도I think I’m really coolASAP 내 반쪽 아니 완전 Copy나와 똑같아 내 맘 잘 알아줄ASAP 꼭 닮은 내 Decalcomanie눈앞에 나타나 줘ASAPwhoo woo woo wooASAPwhoo woo woo woo눈앞에 눈앞에 나타나 줘실제론 어떤 느낌인 걸까A beautiful a beautiful love한 번도 느껴본 적 없는 걸So where you at 기다리고 있는데ASAPASAP 내 반쪽 아니 완전 Copy나와 똑같아 내 맘 잘 알아줄ASAP 꼭 닮은 내 Decalcomanie눈앞에 나타나 줘ASAPWhoo woo woo wooASAPWhoo woo woo woo눈앞에 눈앞에 나타나 줘
색안경 (STEREOTYPE),There’s something to tell youYou want me to share it with youSTAYC girls it’s going down오늘 유난히 티가 더 나는 걸모두 쳐다보는 게 다 보여왠지 그럴수록 더 난 당당해져기분 좋아지는 걸머릴 넘기며 어디든 지나가네내 달콤한 향수가 흩날리게 Yeah항상 날 꾸미는 게 좋아예쁜 게 좋아 근데 들어봐 Yeah나도 알아 내 모습이이뻐 보일지도 당돌한 걸지도자꾸만 널 유혹하듯보이겠지만 미안하지만색안경을 끼고 보지 마요난 좀 다른 여자인데겉은 화려해도 아직 두려운 걸You should knowI’m a good girl yeah너무 세게 안으면 숨 막혀요조금 서투를지도 난 아직도색안경을 끼고 보지 마요Oh baby baby baby패션은 과감한 게 좋아 Like it uh huh튀는 게 좋아 어떻게든 소화 Yeah가끔 나조차 진짜 내 맘을 몰라그런 나지만나도 알아 내 모습이이뻐 보일지도 당돌한 걸지도자꾸만 널 유혹하듯보이겠지만 미안하지만색안경을 끼고 보지 마요난 좀 다른 여자인데겉은 화려해도 아직 두려운 걸You should knowI’m a good girl yeah너무 세게 안으면 숨 막혀요조금 서투를지도 난 아직도색안경을 끼고 보지 마요Oh baby baby babyAlright alright 드러나는 모습뿐인걸Oh why oh why눈으로만 날 판단하지 않길Oh 꾸미지 않은 내 모습Oh 있는 그대로의 모습좋아해 줘 아직 여린 내 맘꼭 알아줬으면 해색안경을 끼고 보지 마요난 좀 다른 여자인데겉은 화려해도 아직 두려운 걸You should knowI’m a good girl yeah너무 세게 안으면 숨 막혀요조금 서투를지도 난 아직도색안경을 끼고 보지 마요Oh baby baby baby
내 손을 잡아,"느낌이 오잖아 떨리고 있잖아언제까지 눈치만 볼 거니네 맘을 말해봐 딴청 피우지 말란 말이야네 맘 가는 그대로 지금 내 손을 잡아어서 내 손을 잡아우연히 고개를 돌릴 때 마다눈이 마주치는 건며칠 밤 내내 꿈속에 나타나밤새 나를 괴롭히는 건그 많은 빈자리 중에서 하필내 옆자릴 고르는 건나도 모르게 어느새 실없는 웃음흘리고 있다는 건그럼 말 다했지 뭐우리 얘기 좀 할까느낌이 오잖아 떨리고 있잖아언제까지 눈치만 볼 거니네 맘을 말해봐 딴청 피우지 말란 말이야네 맘 가는 그대로 지금 내 손을 잡아핸드폰 진동에 심장이 덜컥내려 앉는다는 건오 나도 모르게 어느새 짓궂은 네 말투자꾸 듣고 싶은걸어떡해저기 멀리 걸어온다눈이 마주친다언제까지 넌 모른척 할거니사랑이 온거야 너와 나 말이야네가 좋아 정말 못 견딜 만큼그거면 된거야 더는 생각하지 말란 말이야네 맘 가는 그대로느낌이 오잖아 떨리고 있잖아언제까지 눈치만 볼 거니네 맘을 말해봐 딴청 피우지 말란 말이야네 맘 가는 그대로 지금 내 손을 잡아그냥 내 손을 잡아지금 내 손을 잡아"
밝게 빛나는 별이 되어 비춰줄게,우리의 모든 순간이애틋해 눈물 날 때면언제나 네게 닿을 수 있게가까이서 머물게유난히 더 힘든 날엔더 이상 외롭지 않게 안아줄게영원히 내 품에 너를 간직할게세상이 널 외면해도모두가 저버린대도 항상 곁에서 변함없이 늘 있어줄게밝게 빛나는 별이 되어너를 비춰줄게 매일어두워 헤맬 때도앞이 두려워도언제나 널 지켜줄게세상이 널 아프게 할 땐내가 안아줄게 매일포근한 바람으로따듯한 햇살로난 널 지켜줄게 매일너의 모든 시간 속에 내가 함께할게오직 너를 위한 소중한 꿈을 담아밝게 빛나는 별이 되어너를 비춰줄게 매일어두워 헤맬 때도앞이 두려워도언제나 널 지켜줄게세상이 널 아프게 할 땐내가 안아줄게 매일포근한 바람으로따듯한 햇살로난 널 지켜줄게네가 걸어가는 그 길 따라수많은 별이 되어 비춰줄게눈부시게 또 아름답게너를 비춰줄게 매일세월이 흐른대도시간이 지나도언제나 널 사랑할게영원히 너만을 빛나게내가 비춰줄게 매일길고 긴 시간 속에서찾아올 끝에도너를 사랑할게 매일
찰나가 영원이 될 때 (The Eternal Moment),서로를 향한 마음이우주의 작은 뭉쳐짐이라면이 아름다운 기억이 흩어져도사라지진 않을 거야잠들지 못한 바람은고요히 빛나는 너의 바다로그 안에 잠겨죽어도 좋으니 나네 품에 안겨너의 이름이 긴 밤을 지나찰나가 영원이 될 때얼마나 내가 널 좋아하면달에 네 목소리가 보여오색 빛 하늘 별 숲 사이로너라는 꽃이 피어나그 세상의 반을 가진다 해도그저 네 앞에선꽃에 머물고픈한 남자일 뿐오롯이 나를 비춰요어둠이 드리워도 눈이 부시게눈물조차반짝이는 밤의 기적을 노래하네너의 이름이 긴 밤을 지나찰나가 영원이 될 때얼마나 내가 널 좋아하면달에 네 목소리가 보여오색 빛 하늘 별 숲 사이로너라는 꽃이 피어나그 세상의 반을 가진다 해도그저 네 앞에선꽃에 머물고픈 남자일 뿐밤 하늘 수놓인 모든 것들이운명 위로 내리는 걸내 꿈에 안긴 널한 번 더 가득히 안아시간을 넘어빛이 닿는 세계의 바깥까지 함께너의 깊은 미소의황홀 속 일렁임은영원과 이어질 거야얼마나 내가 널 원하는지눈을 감아도 너와 마주쳐쏟아지는 달빛의 선율을 따라자유의 날개로 향하는 봄날엔너의 유일한 숨결이 분다
하루만 더,하루만 더 우리 이별을늦춘다면 어땠을까그럴 일 없다는 걸 나는 알면서도아직 널 보낼 수가 없나봐한번만 나 이렇게 널 불러볼게오늘까지만 그리워할게끝이 보이지않아 내 사랑은가슴깊이 이별을 남기고새까맣게 흉터가 되어도또 다시 너를 그리워해내 전부인 널단 하루만 더 너를 사랑할게단 한순간도 못 잊어너 없는 세상이너무나 아파서 무너져가다시 돌아와줘시간에 기대어 애써봐도이별은 왜 계속 선명해질까잘 지내란 인사 못할 것 같아오늘까지만 눈물 흘릴게 oh혼자 남은 내 맘을 이해해줘네 흔적이 그대로 남아서내 입술이 추억을 부르고여전히 너를 사랑한다내 전부인 널단 하루만 더 너를 사랑할게단 한순간도 못 잊어너 없는 세상이너무나 아파서 무너져가다시 돌아와줘시간에 기대어 애써봐도이별은 왜 계속 선명해질까우리의 이별 끝에아직도 서있어지금도 네게 하고 픈 말뜨겁게 널 사랑한다고단 한순간도 못 보내너 없는 세상이너무나 아파 목이 메어와정말 끝난거니참 행복했었던 그때 우린추억마저 사라지고 있잖아
사랑은 늘 도망가,눈물이 난다 이 길을 걸으면그 사람 손길이 자꾸 생각이 난다붙잡지 못하고 가슴만 떨었지내 아름답던 사람아사랑이란 게 참 쓰린 거더라잡으려 할수록 더 멀어지더라이별이란 게 참 쉬운 거더라내 잊지 못할 사람아사랑아 왜 도망가수줍은 아이처럼행여 놓아버릴까 봐꼭 움켜쥐지만그리움이 쫓아 사랑은 늘 도망가잠시 쉬어가면 좋을 텐데바람이 분다 옷깃을 세워도차가운 이별의 눈물이 차올라잊지 못해서 가슴에 사무친내 소중했던 사람아사랑아 왜 도망가수줍은 아이처럼행여 놓아버릴까 봐꼭 움켜쥐지만그리움이 쫓아 사랑은 늘 도망가잠시 쉬어가면 좋을 텐데기다림도 애태움도 다 버려야 하는데무얼 찾아 이 길을 서성일까무얼 찾아 여기 있나사랑아 왜 도망가수줍은 아이처럼행여 놓아버릴까 봐꼭 움켜쥐지만그리움이 쫓아 사랑은 늘 도망가잠시 쉬어가면 좋을 텐데잠시 쉬어가면 좋을 텐데
이제 나만 믿어요,무얼 믿은 걸까 부족했던 내게서나조차 못 믿던 내게 여태 머문 사람무얼 봤던 걸까 가진 것도 없던 내게무작정 내 손을 잡아 날 이끈 사람최고였어그대 눈 속에 비친 내 모습이제는 내게서 그댈 비춰줄게궂은 비가 오면세상 가장 큰 그대 우산이 될게그댄 편히 걸어가요걷다가 지치면내가 그대를 안고 어디든 갈게이제 나만 믿어요나만 두고 가던 나만 스쳐 간 행운이 모여그대가 되어서 내게 와준 거야궂은 비가 오면세상 가장 큰 그대 우산이 될게그댄 편히 걸어가요걷다가 지치면내가 그대를 안고 어디든 갈게이제 나만 믿어요나의 마지막 주인공이 되어다신 누구 앞에서도 그대는 고개 숙이지 마요내가 보지 못했던 홀로 고단했던 시간고맙고 미안해요 사랑해요이 세상은우리를 두고 오랜 장난을 했고우린 속지 않은 거야이제 울지 마요좋을 땐 밤새도록 맘껏 웃어요전부 그대 꺼니까그대는 걱정 말아요이제 나만 믿어요
LOCO,"LOCO미친다는 말이 이해 간달까I'm gettin' LOCO LOCOOh gosh 이건 달콤한 독 같아I'm gettin' LOCO LOCO출구 없는 방 안에 사방이 너란 거울이야굳이 쉽게 말하자면 I feel like I was born to love ya오아시스 찾는 kitty 난 네 주위를 맴돌지콩깍지 껴 버린 내 두 눈은 yellow켜줘 네 손으로 불 꺼진 내 심장It's too late, want you so bad 너를 갖고 싶어졌어몰라 이젠 이미 난 blind 끝까지 가볼래넌 날 반쯤 미치게 만들어You got me like CRAY-CRAY-CRAZY in love대체 네가 뭔데미쳐 날뛰어 기분이 up & downYou got me like CRAY-CRAY-CRAZY in love나도 내가 outta controlI'm gettin' LOCO LOCOI'm gettin' LOCO LOCO내게 대체 넌 뭘 원해미친 이 마음은 다 갖다 퍼 줘도 I'm ok하루는 천국을 갔다 왔다 가도나락 끝까지 날 밀어버려So dangerous, so so so dangerous, uh-oh날 더 망가뜨려도 널 믿을 수 밖에 없게 해줘오아시스 찾은 kitty 난 네 옆 자릴 넘보지Break 따윈 잊었어 끝까지 가 볼래LOCOI'm gettin' LOCO-LOCO-COI'm gettin' LOCO-LOCO-CO-oh-oh-ohI'm gettin' LOCO-LOCO-COI'm gettin' LOCO-LOCO-CO-oh-oh-oh넌 날 완전 미치게 만들어You got me like CRAY-CRAY-CRAZY in love대체 네가 뭔데미쳐 날뛰어 기분이 up & downYou got me like CRAY-CRAY-CRAZY in love나도 내가 outta control"
"어떻게 이별까지 사랑하겠어, 널 사랑하는 거지",일부러 몇 발자국 물러나내가 없이 혼자 걷는 널 바라본다옆자리 허전한 너의 풍경흑백 거리 가운데 넌 뒤돌아본다그때 알게 되었어난 널 떠날 수 없단 걸우리 사이에 그 어떤 힘든 일도이별보단 버틸 수 있는 것들이었죠어떻게 이별까지 사랑하겠어널 사랑하는 거지사랑이라는 이유로서로를 포기하고찢어질 것같이 아파할 수 없어 난두세 번 더 길을 돌아갈까적막 짙은 도로 위에 걸음을 포갠다아무 말 없는 대화 나누며주마등이 길을 비춘 먼 곳을 본다그때 알게 되었어난 더 갈 수 없단 걸한 발 한 발 이별에 가까워질수록너와 맞잡은 손이 사라지는 것 같죠어떻게 이별까지 사랑하겠어널 사랑하는 거지사랑이라는 이유로서로를 포기하고찢어질 것같이 아파할 수 없어 난어떻게 내가 어떻게 너를이후에 우리 바다처럼 깊은 사랑이다 마를 때까지기다리는 게 이별일 텐데어떻게 내가 어떻게 너를이후에 우리 바다처럼 깊은 사랑이다 마를 때까지기다리는 게 이별일 텐데
가을 우체국 앞에서,가을 우체국 앞에서그대를 기다리다노오란 은행잎들이바람에 날려가고지나는 사람들 같이저 멀리 가는걸 보내세상에 아름다운 것들이얼마나 오래 남을까한여름 소나기 쏟아져도굳세게 버틴 꽃들과지난 겨울 눈보라에도우뚝 서있는 나무들같이하늘아래 모든 것이저 홀로 설 수 있을까가을 우체국 앞에서그대를 기다리다우연한 생각에 빠져날 저물도록 몰랐네세상에 아름다운 것들이얼마나 오래 남을까한여름 소나기 쏟아져도굳세게 버틴 꽃들과지난 겨울 눈보라에도우뚝 서있는 나무들같이하늘아래 모든 것이저 홀로 설 수 있을까가을 우체국 앞에서그대를 기다리다우연한 생각에 빠져날 저물도록 몰랐네날 저물도록 몰랐네
추억은 만남보다 이별에 남아,아득한 시간 속에 아직우리 사랑이 남아있을까멀어지던 그날의 너를 따라 걸어도텅 빈 거리엔 미움만너의 흔적을 마주칠 때마다익숙함 속에 떠나보내던소중했던 모든 날들은후회로 남아이렇게 또 내게 다가오나 봐멍하니 혼자 남아나도 모르게 널 그리워하다떠오르는 네 생각에 하루를 살아선명했던 우리의추억은 만남보다 이별에 남아여전히 너를 사랑하게 하나 봐그날처럼저녁 빛에 밤이 물들면길게 늘어진 그림자처럼흩어질 듯 더 커져가는 너의 모습은아직도 내 안에 가득한가 봐멍하니 혼자 남아나도 모르게 널 그리워하다떠오르는 네 생각에 하루를 살아선명했던 우리의추억은 만남보다 이별에 남아여전히 너를사랑하고 있나 봐 바보처럼흩날리는 기억의 모든 순간마다 너를매일 이렇게 불러본다꼭 한 번쯤 너에게 해주고 싶었던 말너무 사랑했다고다시는 너를 떠나지 않겠다고여전히 너를 사랑하고 있다고그날 보다
밤하늘의 별을(2020),밤하늘의 별을 따서 너에게 줄래 너는 내가 사랑하니까 더 소중하니까 오직 너 아니면 안 된다고 외치고 싶어 그저 내 곁에만 있어줘 떠나지 말아줘 참 많이 어색했었죠 널 처음 만난 날 멀리서 좋아하다가 들킨 사람처럼 숨이 가득 차올라서 아무 말 하지 못했는데 너는 말 없이 웃으며 내 손 잡아줬죠 밤하늘의 별을 따서 너에게 줄래 너는 내가 사랑하니까 더 소중하니까 오직 너 아니면 안 된다고 외치고 싶어 그저 내 곁에만 있어줘 떠나지 말아줘 널 좋아하는 내 마음이 표현이 안 돼 꿈이 아니면 좋겠어 자꾸 웃음 나와 내 모든 걸 다 준대도 너에겐 아깝질 않아 이 순간이 영원하길 난 정말 행복해 밤하늘의 별을 따서 너에게 줄래 너는 내가 사랑하니까 더 소중하니까 오직 너 아니면 안 된다고 외치고 싶어 그저 내 곁에만 있어줘 떠나지 말아줘 그저 내 곁에만 있어줘 떠나지 말아줘 많고 많은 사람 중에 너를 만나서 행복하고 싶어 두 번 다시 울지 않을래 오직 내 눈에는 너만 보여 나를 아껴줘 이제부터 혼자가 아니야 우린 함께니까 나나나 난난 난난나 나나나 난난 난난나 나 나나나 난난 난난나 나나난나 나나나 난난 난난나나나나 난난 난난나나 나나나 난난 난난나 나나난나
Lovesick Girls,"영원한 밤창문 없는 방에 우릴 가둔 loveWhat can we say매번 아파도 외치는 love다치고 망가져도 나뭘 믿고 버티는 거야어차피 떠나면 상처투성인 채로 미워하게 될걸끝장을 보기 전 끝낼 순 없어이 아픔을 기다린 것처럼아마 다 잠깐 일지도 몰라우린 무얼 찾아서 헤매는 걸까But I don’t care I’ll do it over and over내 세상 속엔 너만 있으면 돼We are the lovesick girls네 멋대로 내 사랑을 끝낼순 없어We are the lovesick girls이 아픔 없인 난 아무 의미가 없어But we were born to be aloneYeah we were born to be aloneYeah we were born to be alone But why we still looking for loveNo love letters, no x and o’sNo love never, my exes knowNo diamond rings, that set in stoneTo the left, better left aloneDidn’t wanna be a princess, I’m pricelessA prince not even on my listLove is a drug that I quitNo doctor could help when I’m lovesick아마 다 잠깐 일지도 몰라우린 무얼 찾아서 헤매는 걸까불안한 내 눈빛 속에 널 담아아프더라도 너만 있으면 돼We are the lovesick girls네 멋대로 내 사랑을 끝낼 순 없어We are the lovesick girls이 아픔 없인 난 아무 의미가 없어But we were born to be aloneYeah we were born to be aloneYeah we were born to be alone But why we still looking for love사랑은 slippin’ and fallin’사랑은 killin’ your darlin’아프다 아물면 또 찾아오는 이 겁 없는 떨림들리지 않아 what you say이 아픔이 난 행복해나를 불쌍해 하는 네가 내 눈엔 더 불쌍해We are the lovesick girls네 멋대로 내 사랑을 끝낼 순 없어We are the lovesick girls이 아픔없인 난 아무 의미가 없어Lovesick girls 모두 결국 떠나가고Lovesick girls내 눈물이 무뎌져도Lovesick girls아프고 또 아파도Lovesick girlsBut we’re still looking for love"
멜로디,어딘가 들어본 듯한 이 Melody떠올라 작은 기억들이 My memories날 담은 소파는 커 It's too much Too much기억할수록 난 되어만 가 Loser Loser어딘가 들어본 듯한 이 Melody떠올라 작은 기억들이 My memories날 담은 소파는 커 It's too much Too much기억할수록 난 되어만 가 Loser LoserI'm a Loser 난 처음 너의 바람이 되고 싶어 세상을 다 주겠다고 약속을 해많은 눈들의 착각이나에겐 혼란이 되어 너만 힘들게 했지더 잃을 것도 없었는데날 너와 비교했어 참 나는 못된사람이 됐고 모든 내 말들은널 위한 거였단 핑계가 돼근데 이젠 혼자 살기에는버거운 집과 혼자 앉아있긴너무 커 소파또 다 쓰지도 못하는 돈과 옷널 데려다줄 만한 큰 차뭐 다 가져버리고 나서 난TV에 너와 함께 보던영화 흘러나오다가혼잣말 옆에 없잖아 너가하루 종일 싸우고 안은 채잠들어도 좋아다 괜찮으니 와서 채워주라 이 소파혼자는 이 공간이 너무 커 필요해 너가필요해 너가어딘가 들어본 듯한 이 Melody떠올라 작은 기억들이 My memories날 담은 소파는 커 It's too much Too much기억할수록 난 되어만 가 Loser Loser어딘가 들어본 듯한 이 Melody떠올라 작은 기억들이 My memories날 담은 소파는 커 It’s too muchToo much기억할수록 난 되어만 가 Loser LoserI'm a Loser Ooh 영원할 것 같았던 약속들손을 잡아주겠다던 너와 나 둘앞이 안 보일 때 너가 돼준 내 눈겨울에 함께 봤던 눈불타올랐지 아무리 추워도 난With you불이 꺼져 재만 남아도 Lovin u라고 말하던 때 그때 그 기억인 듯아직도 너와 듣던 노래들의 가사들 뻔한듯했던 그 Melody가 익숙하던 예전 그대로고정돼있던 곡 뻔하던 그 제목초라해질까 봐 난 말을 못 했어필요해 너가어딘가 들어본 듯한 이 Melody떠올라 작은 기억들이 My memories날 담은 소파는 커 It's too much Too much기억할수록 난 되어만 가 Loser Loser어딘가 들어본 듯한 이 Melody떠올라 작은 기억들이 My memories날 담은 소파는 커 It's too much Too much기억할수록 난 되어만 가 Loser LoserI'm a Loser
Blueming,"‘뭐해?‘라는 두 글자에‘네가 보고 싶어’ 나의 속마음을 담아 우이모티콘 하나하나 속에달라지는 내 미묘한 심리를 알까 우아니 바쁘지 않아 nothing no no 잠들어 있지 않아 insomnia nia nia지금 다른 사람과 함께이지 않아응, 나도 너를 생각 중우리의 네모 칸은 bloom엄지손가락으로 장미꽃을 피워 향기에 취할 것 같아 우오직 둘만의 비밀의 정원I feel bloom I feel bloom I feel bloom너에게 한 송이를 더 보내밤샘 작업으로 업데이트흥미로운 이 작품의 지은이 that’s me 우어쩜 이 관계의 클라이맥스2막으로 넘어가기엔 지금이 good timing 우같은 맘인 걸 알아 realize la lize말을 고르지 말아 just reply la la ly조금 장난스러운 나의 은유에네 해석이 궁금해 우리의 색은 gray and blue 엄지손가락으로 말풍선을 띄워금세 터질 것 같아 우호흡이 가빠져 어지러워I feel blue. I feel blue. I feel blue.너에게 가득히 채워 띄어쓰기없이보낼게사랑인것같애백만송이장미꽃을, 나랑피워볼래?꽃잎의 색은 우리 마음 가는 대로 칠해시들 때도 예쁘게우리의 네모 칸은 bloom엄지손가락으로 장미꽃을 피워 향기에 취할 것 같아 우오직 둘만의 비밀의 정원I feel bloom I feel bloom I feel bloom너에게 한 송이를 더 보내"
"모든 날, 모든 순간 (Every day, Every Moment)",네가 없이 웃을 수 있을까생각만 해도 눈물이나힘든 시간 날 지켜준 사람이제는 내가 그댈 지킬 테니너의 품은 항상 따뜻했어고단했던 나의 하루에유일한 휴식처나는 너 하나로 충분해긴 말 안 해도 눈빛으로 다 아니깐한 송이의 꽃이 피고 지는모든 날 모든 순간 함께해햇살처럼 빛나고 있었지나를 보는 네 눈빛은꿈이라고 해도 좋을 만큼그 모든 순간은 눈부셨다불안했던 나의 고된 삶에한줄기 빛처럼 다가와날 웃게 해준 너나는 너 하나로 충분해긴 말 안 해도 눈빛으로 다 아니깐한 송이의 꽃이 피고 지는모든 날 모든 순간 함께해알 수 없는 미래지만네 품속에 있는 지금 순간 순간이영원 했으면 해갈게 바람이 좋은 날에햇살 눈부신 어떤 날에 너에게로처음 내게 왔던 그날처럼모든 날 모든 순간 함께해
작은 것들을 위한 시 (Boy With Luv) (Feat. Halsey),모든 게 궁금해How’s your dayOh tell me뭐가 널 행복하게 하는지Oh text meYour every picture내 머리맡에 두고 싶어oh baeCome be my teacher네 모든 걸 다 가르쳐줘Your 1 your 2Listen my my baby 나는저 하늘을 높이 날고 있어그때 니가 내게 줬던 두 날개로이제 여긴 너무 높아난 내 눈에 널 맞추고 싶어Yeah you makin’ me a boy with luvOh my my my oh my my myI've waited all my life네 전부를 함께하고 싶어Oh my my my oh my my myLooking for something right이제 조금은 나 알겠어I want something strongerThan a momentthan a moment loveI have waited longerFor a boy withFor a boy with luv널 알게 된 이후 ya내 삶은 온통 너 ya사소한 게 사소하지 않게만들어버린 너라는 별하나부터 열까지 모든 게 특별하지너의 관심사 걸음걸이 말투와사소한 작은 습관들까지다 말하지 너무 작던내가 영웅이 된 거라고Oh nah난 말하지 운명 따윈처음부터 내 게 아니었다고Oh nah세계의 평화No way거대한 질서No way그저 널 지킬 거야 난Boy with luvListen my my baby 나는저 하늘을 높이 날고 있어그때 니가 내게 줬던 두 날개로이제 여긴 너무 높아난 내 눈에 널 맞추고 싶어Yeah you makin’ me a boy with luvOh my my my oh my my myYou got me high so fast네 전부를 함께하고 싶어Oh my my my oh my my myYou got me fly so fast이제 조금은 나 알겠어Love is nothing strongerThan a boy with luvLove is nothing strongerThan a boy with luv툭 까놓고 말할게나도 모르게 힘이 들어가기도 했어높아버린 sky커져버린 hall때론 도망치게 해달라며 기도했어But 너의 상처는 나의 상처깨달았을 때 나 다짐했던 걸니가 준 이카루스의 날개로태양이 아닌 너에게로Let me flyOh my my my oh my my myI've waited all my life네 전부를 함께하고 싶어Oh my my my oh my my myLooking for something right이제 조금은 나 알겠어I want something strongerThan a momentthan a moment loveLove is nothing strongerThan a boy with luv
사랑은 언제나 목마르다 (N번째 연애 X 이해리 (다비치)),그렇게 많이 사랑한다 했는데이제야 사랑을 알 것 같아요부탁이 있어 제발 용서 마세요오늘 난 당신을 버리려고 해제발 얼굴을 들어봐요나를 위해서 참아왔던 아픈사랑으로 나를 잡아줘요단 하나의 그 하나로사랑하고 싶었던그 아픈 약속과 눈물들이가슴속 멍으로 남겠지만난 떠나요이제 돌아오지 못할 거예요난 사랑에 목이 마르겠지요그대는 항상 미안하다고 했죠지금도 눈물을 참고 있나요나를 위해 울지 마세요나를 사랑하며 참아온 모든이 상처를 오늘 다 버려요단 하나의 그 하나로사랑한다 했었던그대의 약속과 눈물들이다시 또 나를 울리겠지만괜찮아요날 위해 슬퍼하지 마세요이젠 나를 사랑하지 마요오직 하나의 그 하나로사랑하자 했었던우리의 약속과 추억들이가슴속 상처로 남을 거야난 떠나요이제 돌아오지 못할 거예요난 사랑에 목이 마르겠지요
취기를 빌려 (취향저격 그녀 X 산들),언제부턴가 불쑥내 습관이 돼버린 너혹시나 이런 맘이어쩌면 부담일까널 주저했어언제부턴가 점점내 하루에 스며든 너아침을 깨우는 네 생각에어느샌가 거리엔어둠이 젖어 들고취기를 빌려오늘 너에게 고백할 거야하루하루 네가 좋다고괜히 어색할까혼자 애만 태우다끝끝내 망설여왔던 순간알잖아 나 무뚝뚝하고말도 없는 걸서툰 표현이 쑥스러워서 괜히쓰다 지울 문자만 바라보다멋쩍은 쓴웃음만언제부턴가 가끔너와 마주칠 때마다한참을 머뭇거린어설픈 손 인사만오늘 밤도 후회로 잦아들고취기를 빌려오늘 너에게 고백할 거야하루하루 보고 싶다고괜히 어색할까 혼자 애만 태우다수없이 연습해왔던 그 말알잖아 나 무뚝뚝하고말도 없는 걸서툰 표현이 쑥스러워서 괜히쓰다 지울 문자만 바라보다멋쩍은 쓴웃음만첫눈을 빌려오늘은 꼭 고백할 거야작은 너를 품에 안고서눈을 마주하고너무 사랑한다고함께 하고 싶다고
오늘도 빛나는 너에게 (To You My Light) (Feat.이라온),별빛이 내린 밤그 풍경 속 너와 나날 새롭게 하는따뜻하게 만드는니 눈빛 니 미소영원히 담아둘게너로 가득한 맘널 닮아가는 나날 위한 선물꿈보다 더 아름다운서로의 품에서끝 없는 밤을 걷자나의 모든 날들을 다 주고싶어내 이 맘을 모두 전하고 싶어잠들지 못한푸른 바람들이렇게 밝게 이 밤을 비춰너와 작은 일상을 함께 하는게내 가장 큰 기쁨인걸 넌 알까내 세상 속에넌 빛이 되어지금 모습 그대로 내 곁에만행복이 짙은 날어둠이 없는 밤같은 맘 속에같은 꿈이 피어난 건우리의 정해진운명이 맞닿은거야나의 모든 날들을 다 주고싶어내 이 맘을 모두 전하고 싶어잠들지 못한푸른 바람들이렇게 밝게 이 밤을 비춰너와 작은 일상을 함께 하는게내 가장 큰 기쁨인걸 넌 알까내 세상 속에넌 빛이 되어지금 모습 그대로 내 곁에만내게 온 너란 빛이 눈 부셔도네 앞에서 한 순간도 눈 감지 않아다가올 시간도계절의 바람도널 데려가지 못하게내가 더 좋은 사람이 되고 싶어더 아름답게 널 안을 수 있게잠들지 못한잠들 수 없는바람들이 널 부르고 있어언제까지나 너와 함께 할거야내 마지막 숨결도 너일거야내 세상 속에넌 빛이 되어지금 모습 그대로 내 곁에만이렇게 밝게 이 밤을 비춰
잠이 오질 않네요,당신은 날 설레게 만들어조용한 내 마음 자꾸만 춤추게 해얼마나 얼마나 날 떨리게 하는지당신이 이 밤을 항상 잠 못 들게 해매일 같은 밤 너를 생각하면서유치한 노랠 들으며심장이 춤을 추면서오오 난 너를 기다리면서유치한 노랠 부르며심장이 춤을 추면서 워나를 떨리게 하나요그대 왜 나를 설레게 하나요 자꾸만오늘도 잠 못 이루는 이 밤아름다운 그대나를 아프게 하나요웃는 그대 왜 자꾸 설레게 하나요하염없이오늘 밤 잠이 오질 않네요보고 싶은 그대여당신이 날 힘들게 만들어갑자기 내 마음 자꾸만 멍들게 해얼마나 얼마나 잠 못 들게 하는지고요한 내 마음 항상 시끄럽게 해매일 같은 밤 너를 생각하면서유치한 노랠 들으며심장이 춤을 추면서워 난 너를 기다리면서유치한 노랠 부르며심장이 춤을 추면서 워나를 떨리게 하나요그대 왜 나를 설레게 하나요 자꾸만오늘도 잠 못 이루는 이 밤아름다운 그대나를 아프게 하나요웃는 그대 왜 자꾸 설레게 하나요하염없이오늘 밤 잠이 오질 않네요보고 싶은 그대여매일 밤 너를 생각하면서유치한 노랠 들으며심장이 춤을 추면서워오 난 너를 기다리면서유치한 노랠 부르며심장이 춤을 추면서 워나를 떨리게 하나요그대 왜 나를 설레게 하나요 자꾸만오늘도 잠 못 이루는 이 밤아름다운 그대여나를 아프게 하나요웃는 그대 왜 자꾸 설레게 하나요하염없이오늘 밤 잠이 오질 않네요보고 싶은 그대여
아로하,어두운 불빛아래 촛불 하나와인 잔에 담긴 약속하나항상 너의 곁에서 널 지켜줄거야날 믿어준 너였잖아나 바라는 건 오직 하나영원한 행복을 꿈꾸지만화려하지 않아도 꿈같진 않아도너만 있어주면 돼걱정 마 I believe언제나 I believe이 순간을 잊지 않을게내 품에 I believe안긴 너의 미소가영원히 빛을 잃어 가지 않게Cause your love is so sweetYou are my everything첫날 밤에 단 꿈에 젖어하는 말이 아냐 난 변하지 않아오직 너만 바라볼거야 ohYou’re light of my lifeYou are the one in my life내 모든걸 다 잃는대도 후회하지 않아오직 너를 위한변하지 않는 사랑으로나 바라는 건 오직 하나영원한 행복을 꿈꾸지만화려하지 않아도 꿈같진 않아도너만 있어주면 돼약속해 I believe힘들 땐 I believe너의 그늘이 되어줄게내품에 I believe안긴 너의 미소가영원히 빛을 잃어 가지 않게Cause your love is so sweetYou are my everything첫날 밤에 단 꿈에 젖어하는 말이 아냐 난 변하지 않아오직 너만 바라볼거야 ohYou’re light of my lifeYou are the one in my life내 모든걸 다 잃는대도 후회하지 않아오직 너를 위한변하지 않는 사랑으로You’re light of my lifeYou are the one in my life내 모든걸 다 잃는대도 후회하지 않아오직 너를 위한변하지 않는 사랑으로All I ever want is your love
안녕 (Hello),외로운 날들이여 모두 다 안녕내 마음속의 눈물들도 이제는 안녕 Oh어제의 너는 바람을 타고 멀리후회도 없이 미련 없이 날아가Goodbye oh oh oh영원히 Oh oh oh거울에 비친 너의 모습이 슬퍼늘 웃음 짓던 예전의 넌 어디에 있니저 파란 하늘 눈부신 별들도모두 다 너를 위해 있잖니더 이상 네 안에 그 일은 없던 일그래서 아픈 기억 모두 버려야할 일눈물짓지 마 새로운 오늘을맞이할 준비를 해봐 Ooh ooh외로운 날들이여 모두 다 안녕내 마음속의 눈물들도 이제는 안녕 Oh어제의 너는 바람을 타고 멀리후회도 없이 미련 없이 날아가Goodbye oh oh oh영원히 Oh oh oh슬프게 내린 비는 꽃을 피우고너의 눈물은 예쁜 사랑을 피울 거야슬퍼하지 마 새로운 오늘을맞이할 준비를 해봐 Ooh ooh햇살 가득한 날들이여 안녕긴 잠에서 날 깨워준 아침이여 안녕 Oh너의 유리처럼 맑은 미소가세상을 환히 웃음 짓게 할 거야Ooh ah 날아가도 돼외로운 날들이여 모두 다 안녕내 마음속의 눈물들도 이제는 안녕 Oh어제의 너는 바람을 타고 멀리후회도 없이 미련 없이 날아가햇살 가득한 날들이여 안녕긴 잠에서 날 깨워준 아침이여 안녕 Oh너의 유리처럼 맑은 미소가세상을 환히 웃음 짓게 할 거야Goodbye oh oh oh영원히 Oh oh oh
에잇(Prod.&Feat. SUGA of BTS),So are you happy nowFinally happy now are you뭐 그대로야 난 다 잃어버린 것 같아  모든 게 맘대로 왔다가 인사도 없이 떠나이대로는 무엇도 사랑하고 싶지 않아 다 해질 대로 해져버린기억 속을 여행해 우리는 오렌지 태양 아래그림자 없이 함께 춤을 춰정해진 이별 따위는 없어 아름다웠던 그 기억에서 만나 Forever young 우우우 우우우우  우우우 우우우우Forever we young 우우우 우우우우이런 악몽이라면 영영 깨지 않을게 섬 그래 여긴 섬 서로가 만든 작은 섬예 음 forever young 영원이란 말은 모래성작별은 마치 재난문자 같지그리움과 같이 맞이하는 아침서로가 이 영겁을 지나 꼭 이 섬에서 다시 만나지나듯 날 위로하던 누구의 말대로 고작한 뼘짜리 추억을 잊는 게 참 쉽지 않아시간이 지나도 여전히날 붙드는 그곳에 우리는 오렌지 태양 아래그림자 없이 함께 춤을 춰정해진 안녕 따위는 없어 아름다웠던 그 기억에서 만나 우리는 서로를 베고 누워슬프지 않은 이야기를 나눠우울한 결말 따위는 없어난 영원히 널 이 기억에서 만나 Forever young 우우우 우우우우  우우우 우우우우Forever we young우우우 우우우우이런 악몽이라면 영영 깨지 않을게
봄날,보고 싶다이렇게 말하니까 더 보고 싶다너희 사진을 보고 있어도보고 싶다너무 야속한 시간나는 우리가 밉다이젠 얼굴 한번 보는 것 조차힘들어진 우리가여긴 온통 겨울 뿐이야8월에도 겨울이 와마음은 시간을 달려가네홀로 남은 설국열차니 손 잡고 지구 반대편까지 가겨울을 끝내고파그리움들이 얼마나눈처럼 내려야 그 봄날이 올까Friend허공을 떠도는작은 먼지처럼 작은 먼지처럼날리는 눈이 나라면조금 더 빨리네게 닿을 수 있을 텐데눈꽃이 떨어져요또 조금씩 멀어져요보고 싶다 보고 싶다보고 싶다 보고 싶다얼마나 기다려야또 몇 밤을 더 새워야널 보게 될까 널 보게 될까만나게 될까 만나게 될까추운 겨울 끝을 지나다시 봄날이 올 때까지꽃 피울 때까지그곳에 좀 더 머물러줘 머물러줘니가 변한 건지니가 변한 건지아니면 내가 변한 건지내가 변한 건지이 순간 흐르는 시간조차 미워우리가 변한 거지 뭐모두가 그런 거지 뭐그래 밉다 니가 넌 떠났지만단 하루도 너를잊은 적이 없었지 난솔직히 보고 싶은데이만 너를 지울게그게 널 원망하기보단덜 아프니까시린 널 불어내 본다연기처럼 하얀 연기처럼말로는 지운다 해도사실 난 아직 널 보내지 못하는데눈꽃이 떨어져요또 조금씩 멀어져요보고 싶다 보고 싶다보고 싶다 보고 싶다얼마나 기다려야또 몇 밤을 더 새워야널 보게 될까 널 보게 될까만나게 될까 만나게 될까You know it allYou're my best friend아침은 다시 올 거야어떤 어둠도 어떤 계절도영원할 순 없으니까벚꽃이 피나봐요이 겨울도 끝이 나요보고 싶다 보고 싶다 보고 싶다 보고 싶다조금만 기다리면며칠 밤만 더 새우면만나러 갈게 만나러 갈게데리러 갈게 데리러 갈게추운 겨울 끝을 지나다시 봄날이 올 때까지꽃 피울 때까지그곳에 좀 더 머물러줘 머물러줘
Timeless,어쩜 살아가다 보면 한 번은 날 찾을지 몰라나 그 기대 하나로 오늘도 힘겹게 버틴 걸난 참 기억력도 좋지 않은데 왜 너에 관한 건그 사소한 추억들까지도 생각이 나는지너를 잊을 순 없지만 붙잡고 싶지만이별 앞에서 할 수 있는 건좋은 기억이라도 남도록 편히 보내주는 일혼자 남아도 괜찮아 가도 괜찮아세상에 제일 자신있는 건내가 언제나 그래왔듯이 너를 기다리는 일어쩜 살아가다보면 한 번은 날 찾을지 몰라난 그 기대 하나로 오늘도 힘겹게 버틴 걸부디 하루빨리 좋은 사람과 행복하길 바래그래야만 내 마음 속에서 널 보낼 것 같아너를 잊을 순 없지만 붙잡고 싶지만이별 앞에서 할 수 있는 건좋은 기억이라도 남도록 편히 보내주는 일이젠 멀어져 가지만 잠시였지만태어나 처음 잘한 듯한 건내겐 아무리 생각해봐도 너를 사랑했던 일서로가 하나씩 이별의 선물을 나눠간 거잖아난 마음을 준 대신 넌 내게 추억을 준 거야다시 또 나를 살아가게 할 거야날 아프게 했지만 울게 했지만이것 하나만큼은 고마워눈 감는 그날 내가 가져갈 추억 만들어줘서
운전만해 (We Ride),넌 운전만 해계속 운전만 해왜 이리 된 걸까 우리 사이가갑자기 어색해졌단 걸왜 달라졌을까 웃음이 말라서함께 있는 게 불편해졌어말없이 그냥 걷기만 해요We just walking down the street아무런 말도 없이처음과는 너무 다른 사이말없이 그냥 먹기만 해요부쩍 줄어든 대화 속에What happened to us침묵이 내려 지금달리는 차 안에 우린 아무 말 없네너는 그렇게 운전만 해난 핸드폰 보네 넌 창밖을 보네난 너무 답답해우리 사이는 막막해 BabeWe're still in your carIn your car계속해서 침묵만So quietCan you break the silencecause I don't want itRadio 소리만 이곳에 이곳에That's so sad 무슨 말 좀 해봐말없이 그냥 걷기만 해요We just walking down the street아무런 말도 없이처음과는 너무 다른 사이말없이 그냥 먹기만 해요부쩍 줄어든 대화 속에What happened to us침묵이 내려 지금달리는 차 안에 우린 아무 말 없네너는 그렇게 운전만 해난 핸드폰 보네 넌 창밖을 보네난 너무 답답해우리 사이는 막막해 BabeYou know I know We both know이 침묵은 깨져야만 해너도 나도 다 알면서도쉽게 뗄 수 없는 입달리는 차 안에 우린 아무 말 없네너는 그렇게 운전만 해난 핸드폰 보네 넌 창밖을 보네난 너무 답답해우리 사이는 막막해 Babe넌 운전만 해계속 운전만 해
그날에 나는 맘이 편했을까,늘 똑같은 일로 싸우다 지친 우리끝날 때 됐나 봐너답지 않던 모습 더는지켜보기 힘들었어다시 주워 담기 힘든 말들쏟아내고 집에 돌아왔어그날에 나는 맘이 편했을까다신 안 보겠단 각오로니가 못한 숙제 한 거잖아나는 사랑이 필요해이만큼 아프면 충분해니가 핀 담배만큼 난 울었어니가 가장 듣기 싫어했던얘기들만 뱉어내고 왔어그날에 나는 맘이 편했을까다신 안 보겠단 각오로니가 못한 숙제 한 거잖아나는 사랑이 필요해이만큼 아프면 충분해니가 핀 담배만큼 난 울었어상처받았다고 말하지 말아줘나를 더욱더 사랑해줬더라면아니 처음부터 만나지 말았다면행복했을까정말 널 미워해서 이랬을까이렇게까지 해서라도우릴 되돌리고 싶었는데나를 떠나는 이유가너는 필요했던 거니까내가 그 이유를 만들어줄게 미안한 마음들 갖지 않도록
치맛바람 (Chi Mat Ba Ram),"You know what it isB. girls are back, Brave SoundWe're gonna be ""Summer Queens""You ready? We are ""BRAVE GIRLS""     Oh Oh Oh Oh Oh Oh Oh Oh Oh Oh Oh Oh OhOh Oh Oh Oh Oh Oh Oh Oh Oh Oh Oh  Just wanna give ur love날 보는 눈빛에 분명 적혀있어내게 Rollin' in the deep (Rollin' Rollin')I don't want ""지루함"" or ""따분함"" Oh get away 난 더 특별함을 원해 너에게푸른 바람 불어와두 볼을 스칠 때 (Hey)또 괜히 나 왜 두근거려 왜 (왜)Call me ""Desperado""뭐래도 몰라도 돼오늘만은 내 멋대로Go far away치맛바람이 불어와 (불어와)내게도 사랑이 찾아와 Yeah뜨거운 햇살이 비춰와 (비춰와)아름다운 여름밤이라구요살랑 살랑 살랑 불어 기분 좋은 날에바람 바람 바람 이 시원한 바람찰랑 찰랑 찰랑 이 푸른 바닷가에바람 바람 바람 치 맛 바 람눈치 따위는 안 보여 Babe(널 향한 내 맘에)내숭 따위는 Get nah Joy Babe(This is my way)Your eyes on my body눈 떼지 못해 넌부디 오늘 밤은 I don't let you goOoh baby I mean You know푸른 바람 불어와두 볼을 스칠 때 (Hey)또 괜히 나 왜 두근거려 왜 (왜)Call me ""Desperado""뭐래도 몰라도 돼오늘만은 내 멋대로Go far away치맛바람이 불어와 (불어와)내게도 사랑이 찾아와 Yeah뜨거운 햇살이 비춰와 (비춰와)아름다운 여름밤이라구요살랑 살랑 살랑 불어 기분 좋은 날에바람 바람 바람 이 시원한 바람찰랑 찰랑 찰랑 이 푸른 바닷가에바람 바람 바람 치 맛 바 람너와 함께 있고 이 밤은 빛나는데Now I'm Fearless 난 없어 무서울게I know 너도 내 맘과 같은 걸We're just falling in loveLet's Go!Oh Oh Oh Oh Oh Oh (Oh Babe)Oh Oh Oh Oh Oh Oh Oh (시원한 이 바람)Oh Oh Oh Oh Oh Oh (Oh Babe Babe)치 맛 바 람"
흔들리는 꽃들 속에서 네 샴푸향이 느껴진거야,흔들리는 꽃들 속에서네 샴푸향이 느껴진거야스쳐지나간건가 뒤돌아보지만그냥 사람들만 보이는거야다와가는 집근처에서괜히 핸드폰만 만지는거야한번 연락해 볼까 용기내 보지만그냥 내 마음만 아쉬운 거야걷다가 보면 항상 이렇게 너를바라만 보던 너를기다린다고 말할까지금 집앞에 계속 이렇게 너를아쉬워 하다 너를 연락했다 할까지나치는 꽃들 속에서네 샴푸향만 보이는거야스쳐지나간건가 뒤 돌아보지만그냥 내 마음만 바빠진거야걷다가 보면 항상 이렇게 너를바라만 보던 너를기다린다고 말할까지금 집앞에 계속 이렇게 너를아쉬워 하다 너를 연락했다 할까어떤 계절이 너를우연히라도 너를 마주치게 할까난 이대로 아쉬워하다너를 바라만 보던 너를기다리면서 아무말 못하고그리워만 할까걷다가 보면 항상 이렇게 너를바라만 보던 너를생각한다고 말할까지금 집앞에 기다리고때론 지나치고 다시 기다리는꽃이 피는 거리에 보고파라 이밤에걷다가 보면 항상 이렇게 너를아쉬워 하다 너를기다린다고 말할까지금 집앞에 계속 이렇게 너를아쉬워 하다 너를 연락했다 할까
오래된 노래,오래 전에 함께 듣던 노래가발걸음을 다시 멈춰서게 해이 거리에서너를 느낄 수 있어널 이 곳에서꼭 다시 만날 것 같아너 일까봐 한번더 바라보고너 일까봐 자꾸 돌아보게 돼어디선가 같은 노래를 듣고날 생각하며너 역시 멈춰있을까오래 전에 함께 듣던 노래가거리에서 내게우연히 들려온 것처럼 살아가다 한번쯤우연히 만날 것 같아사랑했던 그 모습 그대로내 사랑이그대로인 것처럼발걸음이 여길 찾는 것처럼꼭 만날꺼야지금 이 노래처럼날 사랑하는 네 맘도같을테니까오래 전에 함께 듣던 노래가거리에서 내게우연히 들려온 것처럼살아가다 한번쯤우연히 만날 것 같아사랑했던 그 모습 그대로운명처럼 아니면 우연처럼우리가 다시 예전처럼만날 수 있다면너에게 나 해주고 싶은말이 하나 있어널 다시는 놓치지 않을게 오래 전에 함께 듣던 노래가거리에서 내게우연히 들려온 것처럼살아가다 한번쯤우연히 만날 것 같아사랑했던 그 모습 그대로
Alcohol-Free,"너와 있을 땐 내게신기한 변화가 있는데자꾸 미소 짓게 돼아무 일도 없는데자꾸 마법에 걸려밤을 새워도 안 졸려다른 생각 지워져심장 소리는 커져사랑이 참 쉬워져그래서 빠지고 빠져 점점 너에게That's what you do to me나는 Alcohol free 근데 취해마신 게 하나도 없는데너와 있을 때마다 이래날 보는 네 눈빛 때문에너는 눈으로 마시는 내 Champagne, 내 Wine내 Tequila, margaritaMojito with limeSweet mimosa, pina coladaI'm drunk in youI'm drunk in you너는 정말 특별해전혀 독하지 않은데낮에 별이 뜨게 해한 모금 마셨는데자꾸 마법에 걸려밤을 새워도 안 졸려다른 생각 지워져심장 소리는 커져사랑이 참 쉬워져그래서 빠지고 빠져 점점 너에게That's what you do to me나는 Alcohol free 근데 취해마신 게 하나도 없는데너와 있을 때마다 이래날 보는 네 눈빛 때문에Alcohol 도수는 완전 0.0%근데 마실 때마다 자꾸 길을 잃어자고 일어나도 깨지가 않아근데 이 기분 싫지가 않아Easy to the mouth and tummyLike a drink made of honey이 술 이름은 도대체 뭐니Makes the whole world bright and sunny나는 Alcohol free 근데 취해마신 게 하나도 없는데너와 있을 때마다 이래날 보는 네 눈빛 때문에너는 눈으로 마시는 내 Champagne, 내 Wine내 Tequila, margaritaMojito with limeSweet mimosa, pina coladaI'm drunk in youI'm drunk in you"
METEOR,Yeah haYeah haYeah haYeah haYeah haYeah haYeah haYeah haYeah haYeah haYeah haYeah ha모두 그에게 말해 또 왔네새꺄 whut죽지 않고 왔다 이렇게새꺄 뭐Snacky chan의라인을 빌릴래했어 예수처럼 이렇게 부활을031 팔 안쪽의tatt freaky woah어젠 시장님이 만나쟤 motown어수룩해 엄마 속에 걱정한 톤만큼 쌓고스물한살에 독립했던 얘는여섯이 되었고발견했지 우연히 5년 전의 노트정말 스타 되고 싶어그럴려면 가서 만나면 돼 악마노트를 덮고거울에 비춰진 남자를 보니 와저 손목이 너무 부러워저 금 daydate rollie넘을걸 천백은 더전국사람들이 외치네저 괴물체는 뭘까Meteor거대 Meteor난 네게 처박힐 Meteor야별빛이 내려오지 마구내려오지경고경고그래도 처박힐 Meteor야motown의 1번 노랠기억해 니들뭐였지 뭐였나 음 음i’m the man in the mirror그러니 light me up1절의 그 별이 2절의 그 별이그래 모두 나였지실화가 된 동화이지힘들 때면 홀로쓴 노래를 불러환상들을 보던성냥팔이 소년이였던 나날들이365 24 730 24에 71095 아 그만 세자1400이 되니 oh그 애랑도 하고 돔페리뇽이 만든숙취 땜에 넋을 놓은 나를 향해몇천 명이 와 해본 적은 없지만 때론어떤 존재가내 인생을 왔다 간 듯해그냥 그런 느낌이 들지상관없어 환상이던 현실이던지hands up high전국사람들이 외치네저 괴물체는 뭘까Meteor거대 Meteor난 네게 처박힐 Meteor야별빛이 내려오지 마구내려오지경고경고그래도 처박힐 Meteor야영 영 영원히약속해 영원하기로어둠 가득한 저 뒤로돌려보내지 말아요 제발 제발영 영 영원히난 영원할 거라 믿어흥분으로 가득차이 도시에 나 외칠 꺼야드디어 내가 여 왔다
어푸 (Ah puh),"I’m such a good surfer가라앉지 않기비틀 비 비틀 거리다가 풍덩 uh빠지더라도 구명복 따윈 졸업 I’m such a good surfer휩쓸리지 않기울렁 우 울렁 거리다가 throw up게워내더라도 지는 건 난 못 참아 제일 높은 파도 올라타타 라차차우아해일과 함께 사라질 타이밍그건 내가 골라무슨 소리 겁이 나기는, 재밌지 뭐 어어어 푸푸푸 또허허허 우우우적거거거 리더던 시저저절 나라면 워어언 이 사람아언제적 얘길 꺼내나보란듯이 헤엄치기 처첨버벙 저저적 셔셔셔 또저저적 셔셔셔거거겁 없이 몸을더더던 져져져워어언 이 사람아뭘 그렇게나 놀래나더 재밌는 걸 보여줄게 When the wave has come I’m a bubble maker잔잔한 바다를지긋 지 지긋 괴롭히는 villain uh나이를 먹어도 이 버릇 남 못 줘 난I’m a bubble maker이제 이쯤이야출렁 추 출렁 멀미도 suck it up물 먹이더라도 이곳을 난 못 떠나제일 높은 파도 올라타타 라차차우아너울과 함께 부서질 타이밍그건 내가 골라무슨 소리 겁이 나기는, 재밌지 뭐어어어 푸푸푸 또허허허 우우우적거거거 리더던 시저저절 나라면 워어언 이 사람아언제적 얘길 꺼내나맨몸으로 헤엄치기 처첨버벙 어 또 보네 다음에다시 만날 때까지부디 행운을 빌어지겹게 보자고슬 가볼게 나 먼저저기 물마루에원 이 사람 참뭘 그렇게나 놀래나더 재밌는 걸 보여줄게When the wave has come 저저적 셔셔셔 또저저적 셔셔셔거거겁 없이 몸을더더던 져져져워어언 이 사람아뭘 그렇게나 보채나거품처럼 사라질게 When the time has come"
Life Goes On,"어느 날 세상이 멈췄어아무런 예고도 하나 없이봄은 기다림을 몰라서눈치 없이 와버렸어발자국이 지워진 거리여기 넘어져있는 나혼자 가네 시간이미안해 말도 없이 오늘도 비가 내릴 것 같아흠뻑 젖어버렸네아직도 멈추질 않아저 먹구름보다 빨리 달려가그럼 될 줄 알았는데나 겨우 사람인가 봐몹시 아프네세상이란 놈이 준 감기덕분에 눌러보는 먼지 쌓인 되감기넘어진 채 청하는 엇박자의 춤겨울이 오면 내쉬자더 뜨거운 숨 끝이 보이지 않아출구가 있긴 할까발이 떼지질 않아 않아 oh잠시 두 눈을 감아여기 내 손을 잡아저 미래로 달아나자 Like an echo in the forest하루가 돌아오겠지아무 일도 없단 듯이Yeah life goes onLike an arrow in the blue sky또 하루 더 날아가지On my pillow, on my tableYeah life goes onLike this again 이 음악을 빌려 너에게 나 전할게사람들은 말해 세상이 다 변했대다행히도 우리 사이는아직 여태 안 변했네 늘 하던 시작과 끝 ‘안녕’이란 말로오늘과 내일을 또 함께 이어보자고멈춰있지만 어둠에 숨지 마빛은 또 떠오르니깐 끝이 보이지 않아출구가 있긴 할까발이 떼지질 않아 않아 oh잠시 두 눈을 감아여기 내 손을 잡아저 미래로 달아나자 Like an echo in the forest하루가 돌아오겠지아무 일도 없단 듯이Yeah life goes onLike an arrow in the blue sky또 하루 더 날아가지On my pillow, on my tableYeah life goes onLike this again I rememberI rememberI rememberI remember"
상상더하기,1 2 Come On R U Ready3 4 Do It I'm Ready 5 6 Baby Are You Ready지금 나와 어디든 가자 지루한 하루 여기까지만 All Stop작은 가방 운동화 챙겨 자 더 크게 Radio를 높이고코발트블루 물결 눈부신 바다달빛 가득 묻은 작은 섬야경이 눈부신 도시는 어때함께라면 어디든 좋아 난너와 나 그곳으로 떠나는 거야 상상에 상상에 상상을 더해서어머 깜짝야눈부셔 눈부셔 눈부셔 이건 뭐Oh Hello New World 두 손 모아 소리치면푸른 하늘이 내게로 와날아가볼래상상의 상상의 미래로 가볼까바람을 타고 새로운 눈빛에 가슴이 붐 붐 붐Oh 발견했어 우리들만의 Paradise흑백영화 같은 하루에 레몬 터지듯 짜릿함이 필요해지금 당장 널 데려갈게 꿈꿔오던 사진 속 그곳으로민트그린빛 바람 가득한 숲 속달콤한 향기의 칵테일지도를 벗어나 Ticket To The Dream함께라면 어디든 좋아 난 너와 나 그곳으로 떠나는 거야 상상에 상상에 상상을 더해서어머 깜짝야 눈부셔 눈부셔 눈부셔 이건 뭐Oh Hello New World 두 손 모아 소리치면푸른 하늘이 내게로 와날아가볼래상상의 상상의 미래로 가볼까바람을 타고 새로운 눈빛에 가슴이 붐 붐 붐 Oh 발견했어 우리들만의 Paradise너와 나의 비밀스런 풍경들언제라도 다시 와 주겠니은하수 아래 밤새 부른 노래 영원히 잊지 않을 거야이 시간 속에 영원히 네 품에 안기고 싶은걸 단 둘이 이순간 잠들고 싶은걸지도엔 없는 이 곳을 꼭 기억해줘우리들만의 Paradise 상상에 상상에 상상을 더해서어머 깜짝야눈부셔 눈부셔 눈부셔 이건 뭐oh Hello New World 처음 만난 세상 속에나의 가슴이 라 라 라 라날아가볼래상상의 상상의 미래로 가볼까바람을 타고 새로운 눈빛에 가슴이 붐 붐 붐Oh 발견했어 우리 들만의 Paradise1 2 Come On R U Ready3 4 Do It I'm Ready 5 6 Baby Are You Ready
여전히 아름다운지,첨엔 혼자라는 게 편했지자유로운 선택과 시간에너의 기억을 지운 듯 했어정말 난 그런 줄로 믿었어하지만 말야 이른 아침혼자 눈을 뜰 때내 곁에 니가 없다는사실을 알게 될 때면나도 모를 눈물이 흘러변한 건 없니 날 웃게 했던예전 그 말투도 여전히 그대로니난 달라졌어 예전만큼 웃질 않고좀 야위었어 널 만날 때 보다나를 이해해 준 지난 날을너의 구속이라 착각했지남자다운 거라며 너에겐사랑한단 말조차 못했어하지만 말야빈 종이에 가득 너의 이름쓰면서 네게 전화를 걸어너의 음성 들을 때나도 모를 눈물이 흘러변한 건 없니 내가 그토록사랑한 미소도 여전히 아름답니난 달라졌어 예전만큼 웃질 않고좀 야위었어 널 만날 때 보다그는 어떠니 우리 함께한 날들잊을 만큼 너에게 잘해주니행복해야 돼 나의 모자람채워줄 좋은 사람 만났으니까
그대라는 사치,그림 같은 집이 뭐 별거겠어요어느 곳이든 그대가 있다면그게 그림이죠빛나는 하루가 뭐 별거겠어요어떤 하루던 그대 함께라면뭐가 필요하죠나 그대가 있지만힘든 세상이 아니라힘든 세상 이지만 곁에그대가 있음을 깨닫고또 감사해요 또 기도해요내 곁에서 변치 않고영원하길 기도 드리죠무려 우리 함께 눈뜨는 아침과매일 그댈 만나 돌아오는 집 앞나 만의 그대 나의 그대내겐 사치라는걸과분한 입맞춤에 취해잠이 드는 일그래 사치 그댄 사치 내겐 사치행복이란 말이 뭐 별거겠어요그저 그대의 잠꼬대 마저 날기쁘게 하는데사랑이란 말이 뭐 별거겠어요그저 이렇게 보고만 있어도입에서 맴돌죠나 그대가 있지만거친 세상이 아니라거친 세상 이지만내겐 그대가 있음을 깨닫고또 다짐하죠 또 약속하죠그대 곁에 변치않고영원하길 약속할게요무려 우리 함께 눈뜨는 아침과매일 그댈 만나 돌아오는 집 앞나 만의 그대 나의 그대내겐 사치 라는걸과분한 입맞춤에 취해잠이 드는 일그래 사치 그댄 사치 내겐 사치내가 상상하고꿈꾸던 사람 그대정말 사랑하고 있다고나 말 할 수 있어서믿을 수 없어정말 믿을 수 없어내가 어떻게 내가 감히사랑할 수 있는지 말야무려 우리 함께 잠드는 이 밤과매일 나를 위해 차려진 이 식탁나 만의 그대 나의 그대내겐 사치 라는걸과분한 입맞춤에 취해잠에 드는 일그래 사치 그댄 사치 내겐 사치
"LOVE DAY (2021) (바른연애 길잡이 X 양요섭, 정은지)",참 많이 궁금해전부 다 궁금해왜 잠이 안 오고 네 얼굴만 보여나도 궁금해이 맘이 궁금해왜 너만 보면 웃음이 먼저 나와친구들 모여서네 말이 나오면왜 내가 들떠서 더 듣고 싶은지너만 있으면난 딴 사람이 돼또 뜬금없는어색한 농담을 늘 해사실 난 이 느낌이 이상해구름 위가 있다면 여기일까혹시 그런 걸까너와 나 그런 걸까내 맘과 같다면시작돼 버린 걸까너를 많이 많이 좋아해너를 나 사랑하게 됐나 봐똑같이 말하고 싶은데내가 그래도 될까 좀 더 기다려볼까나도 많이 많이 좋아해사실 난 이런 맘이 처음인데더 기다려줄게더 기다려줄래난 여기 있을게여기 있어줄래우리는 이미 같은 맘인걸내 뭐가 좋은지난 그게 궁금해언제부터 내가 네 맘에 살았니나도 궁금해 Yeah네 맘이 궁금해 Yeah싫지 않은 게 아니라 좋은 거지예쁜 여자들은 No참 많고 많은데 No넌 정말 나밖에 안 보이는 건지멋진 남자들 누구네 곁에 많은데 어디어떻게 네가 내게로 오는 거니 Girl사실 난 우릴 자꾸 상상해 상상해이런 기분 어쩐지 수상해같은 하늘 아래 같은 하늘 아래서같은 생각을 하고똑같은 말 이제 해도 될 것 같은데너를 많이 많이 좋아해너를 나 사랑하게 됐나 봐똑같이 말하고 싶은데내가 그래도 될까 좀 더 기다려볼까나도 많이 많이 좋아해사실 난 이런 맘이 처음인데더 기다려줄게더 기다려줄래난 여기 있을게여기 있어줄래우리는 이미 같은 맘인걸누가 좋아해 더내가 더그런 건 나 중요치 않은걸나 손 내밀면그 손 안 놓을 자신 있다면영원히 그 손을 놓지 않을게너를 너무너무 좋아해사실 난 이미 너를 사랑해똑같이 말할 수 있는데왜 난떨리는 건지 자꾸 망설이는지아니 너를 너를 사랑해이제는 내 맘 다 말해줄게날 믿어주겠니널 믿어볼게 난이 사랑 안에서이 사랑 속에서나란히같이 걸어가자 둘이
너의 번호를 누르고 (Prod. 영화처럼),우연히 너를 만나서너의 옆자리에 앉아그렇게 우린 친해졌어짧은 시간에 그렇게가까워질 수 있다는게그게 참 신기했어소소한 일상부터어린 시절 얘기 까지도그리 똑같진 않아도말이 참 잘 통해서더 짧았던 거야너의 번호를 누르고설레임을 가득 채우다너의 번호를 지우며좋았던 시간을 덜어내그때 난 왜 몰랐을까이뤄질 수 없는짧은 시간속의우린 여기 까지인 가봐어쩌다 먼 훗날에그때 우리 약속 기억 날까아쉬움만 가득했던그때 난 왜 그랬을까너의 번호를 누르고설레임을 가득 채우다너의 번호를 지우며좋았던 시간을 덜어내그때 난 왜 몰랐을까이뤄질 수 없는짧은 시간속의우린 여기까지인 가봐아무일 없이 살다보면모두 잊혀질거라또 맘을 속이고 달래도자꾸만 그 때 니가 생각나또 너를 부르게 돼너의 번호를 누르고설레임을 가득 채우다너의 번호를 지우며좋았던 시간을 덜어내그때 난 왜 몰랐을까이뤄질 수 없는짧은 시간속의스쳐가버린그 때 그 시절 속의우린 여기까지인 가봐
고백,중2때까지 늘 첫째 줄에겨우 160 이 됐을 무렵쓸만한 녀석들은 모두 다이미 첫사랑 진행 중정말 듣고 싶었던 말이야물론 2년전 일이지만기뻐야하는 게 당연한데내 기분은 그게 아냐하지만 미안해 이 넓은가슴에 묻혀다른 누구를 생각했었어미안해 너의 손을 잡고걸을 때에도떠올렸었어 그 사람을널 좋아하면 좋아할수록상처 입은 날들이 더 많아모두가 즐거운 한 때에도나는 늘 그곳에 없어정말 미안한 일을 한걸까나쁘진 않았었지만친구인 채 였다면 오히려즐거웠을 것만 같아하지만 미안해 네 넓은가슴에 묻혀다른 누구를 생각했었어미안해 너의 손을 잡고걸을 때에도떠올랐었어 그 사람이하지만 미안해 이 넓은가슴에 묻혀다른 누구를 생각했었어미안해 너의 손을 잡고걸을 때에도떠올렸었어 그 사람을중2때까지 늘 첫째 줄에겨우 160 이 됐을 무렵쓸만한 녀석들은 모두 다이미 첫사랑 진행 중
사실 나는 (Feat.전건호),그땐 우리 둘 다 철없이어리기만 했나 봐태어나 처음 설레는너를 만나서 세상에 부러울 거하나 없이 좋았어매일 너만 기다렸어행복한 시간뿐이었어너에게 받은 만큼잘해주지 못해서 미안해사실 나는 니가 보고 싶어겉으로는 티 안 나게사람들과 웃곤 해도정말 많이 그리워상처 줬던 말과 행동들전부 미안해 후회돼아직 니 생각뿐이야그땐 나도 너무 어려서사랑을 몰랐나 봐태어나 처음 설레는너를 만나서 세상에 부러울 거하나 없이 좋았어나도 너만 기다렸어꿈같던 시간뿐이었어너에게 사랑 주는 게그렇게 좋았었어사실 나도 많이 보고 싶어겉으로는 티 안 나게사람들과 어울려도정말 니가 그리워상처 줬던 말과 행동들전부 미안해 후회돼모두 되돌리고 싶어더 잘해주고 아껴줬다면내 곁에 있을까헤어지기 전으로 돌아간다면좀 더 노력하고 애쓸 텐데이렇게 아플 걸 알면절대 놓지 않을 텐데정말 잘해줄 텐데혹시 너도 그리웠다면조금 니 맘도 내 맘과같은 마음뿐이라면당장 달려가 널 안고서말하고 싶어 아직은널 지우지 못한다고널 보내기는 싫다고후회하기는 싫다고돌아와 줄래나에겐 너뿐이라고내겐
비 오는 날 듣기 좋은 노래 (Feat. Colde),비가 오고네가 생각나비가 오고또 비가 오고슬픈 음악이 흐르면옛 노래처럼네가 생각나네가 생각나비가 오고잠이 안 오고슬픈 음악이 흐르면옛 가사처럼네가 생각나네가 생각나네가 생각나술이 물처럼 넘어가네오늘따라몸이 예전 같지 않은 걸내 마음이 모르나 봐때마침 네가 좋아했던옛 노래도 흐르니다시 손 틈새 스며드는 memory위험해 위험해속 시원하게 운다감정을 일절 금했다간한 순간에 훅 가구차하게 내 탓 네 탓이 쓸쓸한 날씨 탓 하긴 싫다마음 편히 널 그리워할래인생 뭐 있냐어차피 알 수 없는 내일인데I know I knowyou will never take me back마음이 약해질 수록 술이 더 세지네 이런 내가 싫겠지만 이해해인생 뭐 있냐 몇 장 뒤엔마지막 페이지인데I know I knowyou will never take me back그칠 때만 되면 또 다시 비가 내리네난 잘 지내비가 오고또 비가 오고슬픈 음악이 흐르면옛 노래처럼네가 생각나네가 생각나비가 오고잠이 안 오고슬픈 음악이 흐르면옛 가사처럼네가 생각나네가 생각나네가 생각나다 잊고 싶었지만증발했다고 믿었던추억이 비가 됐나 봐창밖에 쏟아지는 빗방울내 마음을 두드리면엉킨 감정을 풀고다시 이어지는 인연괜찮은 척 해서더 아파야 했던 지난 날이젠 웃으며 맞이하네공허한 밤 혼자 내뱉는 이 넋두리도메아리 치다 지쳐언젠가 끝나겠지 뭐내버려 둬사랑 뭐 있냐어차피 돌아서면 남인데I know I knowyou will never take me back몸이 멀어질 수록멀어지는게 마음인데이런 내가 싫겠지만 이해해사랑 뭐 있냐 몇 장 뒤엔마지막 페이지인데I know I knowyou will never take me back그칠 때만 되면 또 다시 비가 내리네잘 지내비가 오고또 비가 오고슬픈 음악이 흐르면옛 노래처럼네가 생각나네가 생각나비가 오고잠이 안 오고슬픈 음악이 흐르면옛 가사처럼네가 생각나네가 생각나네가 생각나비 오는 날에듣기 좋은 노래자꾸만 더 늘어가네요비가 오고비가 오고또 비가 오고슬픈 음악이 흐르면옛 노래처럼네가 생각나네가 생각나비가 오고잠이 안 오고슬픈 음악이 흐르면옛 가사처럼네가 생각나네가 생각나네가 생각나비 오는 날에듣기 좋은 노래자꾸만 더 늘어가네요이 비가 그치는 날에해 뜨는 날에이런 노래그만할게요
빨간 립스틱 (Feat. 윤미래),오늘 밤은 이 분위기에 취해아무런 생각 없이 groove it고민하지 마 just do itMove your body like that비틀거리면 어때 I like that yeahLet me blow your mind지루한 사람들 속 넌 마치Friday nightSo take my hand내 맘을 흔들어봐빨간 립스틱진하게 바르고So dance dance dance keep onDance dance dance people빨간 립스틱너 때문에 번져도Just dance dance dance keep onDance dance dance people나와 나만의 baby boo사랑은 forever누구도 방해할 수 없지stop it they could neverBut never mind that지금 rewind that이 노래처럼 다시 한 번 더play backSpin me round and round몸을 up and down이 밤이 지나가기 전에do it right now이 분위기 그대로turn the music upCus the party ain’t a partyTill we all turned offGonna lose your mind꺼지지 않는 불빛 속에 서울의 밤So take my hand 네 몸을 흔들어봐빨간 립스틱진하게 바르고So dance dance dance keep onDance dance dance people빨간 립스틱너 때문에 번져도Just dance dance dance keep onDance dance dance people이 밤이 지나가기 전에do it right now느낌이 와 너와 나 사이something so loud그 입술로 내게사랑한다고 말해 oh babe빨간 립스틱진하게 바르고So dance dance dance keep onDance dance dance people빨간 립스틱너 때문에 번져도Just dance dance dance keep onDance dance dance peopleLa-di-da-liMove your bodyDon’t stop 우리 하나 될 때 까지6 in the morning and we still goingDance dance dance peopleLa-di-da-liMove your bodyDon’t stop 우리 하나 될 때 까지6 in the morningand we still goingDance dance dance people화려한 디스코 조명 아래서너와 나 둘이 이 밤을 새워화려한 디스코 빛을 받으며Just dance dance dance keep onDance dance dance people
다시 사랑한다면 (김필 Ver.),다시 태어난다면 다시 사랑한다면그때는 우리 이러지 말아요조금 덜 만나고 조금 덜 기대하며많은 약속 않기로 해요다시 이별이 와도 서로 큰 아픔 없이돌아설 수 있을 만큼버려도 되는 가벼운 추억만서로의 가슴에 만들기로 해요이젠 알아요 너무 깊은 사랑은외려 슬픈 마지막을 가져 온다는 걸그대여 빌게요 다음 번의 사랑은우리 같지 않길 부디 아픔이 없이나꼭 나보다 더 행복해져야만 해많은 시간이 흘러 서로 잊고 지내도지난 날을 회상하며그 때도 이건 사랑이었다고말할 수 있다면 그걸로 된 거죠이젠 알아요 너무 깊은 사랑은외려 슬픈 마지막을 가져 온다는 걸그대여 빌게요 다음 번의 사랑은우리 같지 않길 부디 아픔이 없이이젠 알아요 영원할 줄 알았던그대와의 사랑마저 날 속였다는 게그보다 슬픈 건 나 없이 그대가행복하게 지낼 먼 훗날의 모습나내 마음을 하늘만은 알기를
Dolphin,oh my god 타이밍이 참 얄미워오늘 같은 날 마주쳐 이게 뭐야머리는 엉망인 데다상태가 말이 아니야모른 척 지나가 줘내 맘이 방심할 때마다 불쑥 나타난 뒤헤엄치듯 멀어지는 너또 물보라를 일으켜da da da da da da da da da dada da da da또 물보라를 일으켜da da da da da da da da da dada da da da또 물보라를 일으켜어쩐지 오늘 알람이 안 울려아무거나 막 입었고 지각이야아래로 몸을 낮추고 숨을 꾹 참아봤지만아이쿠 들켰나 봐내 맘이 방심할 때마다 불쑥 나타난 뒤헤엄치듯 멀어지는 너또 물보라를 일으켜da da da da da da da da da dada da da da또 물보라를 일으켜da da da da da da da da da dada da da da또 물보라를 일으켜이 파도 위 난 온종일 서핑을 하는 느낌아찔한 feeling 난 솔직히 푹 빠졌지하지만 이건 secret 또 물보라를 일으켜갑자기 웃으며 얼굴을 불쑥 다가온 뒤원을 갈라 하트를 그려또 물보라를 일으켜da da da da da da da da da dada da da da또 물보라를 일으켜da da da da da da da da da dada da da da또 물보라를 일으켜da da da da da da da da da dada da da da또 물보라를 일으켜da da da da da da da da da dada da da da또 물보라를 일으켜
나를 아는 사람,나 지금 할 말이 있어서그댈 기다리다 멍하니 서성이죠뭘 모르는 그런 나이는이미 오래전에 지나버렸어도자꾸 떨리는 건 설명할 수 없어요긴 하루 끝에 지친 어깨를 안아주는그대의 목소리라는 걸 알까요혹시 그대 맘도 나와 같을까요나를 아는 사람 중에그렇게 웃어주는사람이 있을까요 그대뿐이죠그대는 어떤가요내가 아는 사람 중에그렇게 사랑스런사람이 있을까요 그대뿐이죠사랑을 시작해요 이렇게다 지나버린 내 어린 시절 그때처럼두근거리는 소리가 들리나요혹시 그대 맘도 나와 같을까요나를 아는 사람 중에그렇게 웃어주는사람이 있을까요 그대뿐이죠그대는 어떤가요내가 아는 사람 중에그렇게 사랑스런사람이 있을까요 그대뿐이죠사랑을 시작해요난 세상에서 어느샌가 어른이 되고더 남은 위로가 내겐 없었죠남은 위로가 내겐 없었죠나를 바라보는 그대가 없다면나만 아는 그대의 눈그렇게 아름다운미소가 있을까요 당신뿐이죠그대는 어떤가요나를 아는 사람 중에그렇게 말해주는사람이 있을까요 그대뿐이죠사랑을 시작해요 영원히
별빛 같은 나의 사랑아,당신이 얼마나 내게소중한 사람인지세월이 흐르고 보니이제 알 것 같아요당신이 얼마나 내게필요한 사람인지세월이 지나고 보니이제 알 것 같아요밤하늘에 빛나는별빛 같은 나의 사랑아당신은 나의 영원한 사랑사랑해요 사랑해요날 믿고 따라준 사람고마워요 행복합니다왜 이리 눈물이 나요밤하늘에 빛나는별빛 같은 나의 사랑아당신은 나의 영원한 사랑사랑해요 사랑해요날 믿고 따라준 사람고마워요 행복합니다왜 이리 눈물이 나요왜 이리 눈물이 나요
전화 한 번 못하니,전화 한 번 못하니 벌써 날 잊어버렸니아님 이제 내 번호조차도 기억 못 하니잘 지내는지 밥은 챙겨 먹는지너 없이 울진 않을까 걱정도 안되니끊는 전화가 오면 혹시나 네가 아닐까하루 종일 네 생각에 숨이 멎을 것 같아좋은 걸 봐도 맛있는 걸 먹어도눈물에 가리고 또 얹혀서 너만 더 생각나사랑해 이렇게 나를 울려도미안해 널 잊을 수가 없어서매일 숨을 쉴 때마다 눈 감을 때마다네 기억과 함께 사는 걸어떡해 나 정말 너무 아픈데너 땜에 딴 사랑도 못하잖아아무리 널 욕해봐도 미워 해봐도나에겐 그래도 사랑인 걸좋은 사람 생겼니 요즘도 많이 바쁘니얼마 전 네 생일엔 누구와 함께 보냈니정말 못됐어 헤어지면 끝이니사랑이 어떻게 어떻게 그럴 수 있니사랑해 이렇게 나를 울려도미안해 널 잊을 수가 없어서매일 숨을 쉴 때마다 눈 감을 때마다네 기억과 함께 사는 걸어떡해 나 정말 너무 아픈데너 땜에 딴 사랑도 못하잖아아무리 널 욕해봐도 미워해 봐도나에겐 그래도 사랑인 걸돌아와 도저히 난 안되겠어너 없인 아무것도 못하잖아네 자리가 너무 커서 채울 수 없어서내 눈물만 흘러넘쳐 난죽어도 죽어도 난 널 못 잊어함께한 추억이 너를 붙잡아조금 늦어도 괜찮아 돌아오면 돼나에겐 그래도 사랑인 걸
이젠 잊기로 해요 (Drama Ver.),이젠 잊기로 해요이젠 잊어야 해요사람 없는 성당에서 무릎 꿇고기도했던걸 잊어요이젠 잊기로 해요이젠 잊어야 해요그대 생일 그대에게선물했던 모든 의미를 잊어요사람 없는 성당에서 무릎 꿇고기도했던걸 잊어요그대 생일 그대에게선물했던 모든 의미를 잊어요술 취한 밤 그대에게고백했던 모든 일들을 잊어요눈 오던 날 같이 걷던 영화처럼그 좋았던걸 잊어요이젠 잊기로 해요이젠 잊어야 해요사람 없는 성당에서 무릎 꿇고기도했던걸이젠 잊기로 해요이젠 잊어야 해요술 취한 밤 그대에게 고백 했던모든 일들을이젠 잊기로 해요이젠 잊기로 해요라랄라라 라랄라라 라랄라라 라랄라라라랄라라 라랄라라 라랄라라 라랄라라라랄라라 라랄라라 라랄라라 라랄라라
HERO,세상이란 장애물이 너의앞길을 가로막을 때 날 봐언제나 너의 곁엔 내가 있어불안 따윈 1도 없을 테니이렇게 always always내가 너를 지켜줄게나를 믿고 가 오거친 세상이지만나를 믿고 가 오나와 함께라면 ready to go창밖으로 비쳐오는 태양시시각각 바뀌는 구름의 모양공기를 가르며 와닿는바람의 향기가 느껴지니이렇게 always always내가 너를 지켜줄 테니나를 믿고 가 오거친 세상이지만나를 믿고 가 오나와 함께라면 ready to goLet's go go right away right awayWhen we go go go far away far away참 다행이지 나의 옆이 너라서내 어깨에 기대어손을 꼭 잡고 같이어디로든 가자나를 믿고 가 오거친 세상이지만나를 믿고 가 오나와 함께라면 ready to goLet's go go right away right awayWhen we go go go far away far away
산책,한적한 밤 산책하다 보면어김없이 생각나는 얼굴반짝이는 별을 모아 그리는 그런 사람좁다란 길 향기를 채우는가로등 빛 물든 진달래꽃이 향기를 그와 함께 맡으면 참 좋겠네보고 싶어라 그리운 그 얼굴물로 그린 그림처럼 사라지네보고 싶어라오늘도 그 사람을 떠올리려산책을 하네대기는 차갑게 감싸고생생하게 생각나는 그때안타까운 빛나던 시절 뒤로하고 가던보고 싶어라 그리운 그 얼굴물로 그린 그림처럼 사라지네보고 싶어라오늘도 그 사람을 떠올리려산책을 하네따뜻한 손 그리고 그 감촉내가 쏙 들어앉아 있던 그 눈동자그 마음 아무것도 바라지 않고사랑을 주던 그가 보고 싶어지네그리운 그 얼굴 물로 그린 그림처럼 사라지네보고 싶어라오늘도 그 사람을 떠올리려 산책을 하네오늘도 산책을 하네오늘도 산책을 하네
잊었니,잊었니 날 잊어버렸니그 수많은 추억들은 잊어버렸니가슴은 널 향해 팔 벌려오늘도 간신히 버티고 있는데추억이 점점 빛 바래가면너와 거닐던 길에 우두커니 서지우고 또 지우려 해도네 숨결 목소리가 귓가에 들려잊었니 날 잊어버렸니아직 난 널 기다리잖아사랑이 또 울고 있잖아가슴엔 늘 눈물이 고여지워도 자꾸 지우려 해도그대 얼굴이 자꾸 떠오르네요잊었니 날 잊어버렸니아직 난 널 기다리잖아사랑이 또 울고 있잖아가슴엔 늘 눈물이 고여잊었니 날 잊어버렸니아직 난 널 기다리잖아사랑이 또 울고 있잖아가슴엔 늘 눈물이 고여지워도 자꾸 지우려 해도그대 얼굴이 자꾸 떠오르네요지워도 자꾸 지우려 해도그대 얼굴이 자꾸 떠오르네요그대 얼굴이 자꾸 떠오르네요
끝사랑,내가 이렇게 아픈데 그댄 어떨까요원래 떠나는 사람이 더 힘든 법인데아무 말하지 말아요 그대 마음 알아요간신히 참고 있는 날 울게 하지 마요이별은 시간을 멈추게 하니까모든걸 빼앗고 추억만 주니까아무리 웃어 보려고 안간힘 써 봐도밥 먹다가도 울겠지만그대 오직 그대만이내 첫사랑 내 끝사랑지금부터 달라질 수 없는 한 가지그대만이 영원한 내 사랑 wah woo wah그대도 나처럼 잘못했었다면그 곁에 머물기 수월했을까요사랑해 떠난다는 말 과분하다는 말코웃음 치던 나였지만그대 오직 그대만이내 첫사랑 내 끝사랑지금부터 그대 나를 잊고 살아도그대만이 영원한 내 사랑나는 다시는 사랑을 못할 것 같아요그대가 아니면
너의 모습,차갑게 돌아서던 너에게이유를 찾아보지만눈을 감았던 내 맘속으로널 바라보던그날의 난 알 수 없었어수많은 다툼이 지나가고불안한 침묵 속에서나에게 사랑을 말하던 네 모습을그땐 왜 그렇게 몰랐었는지아직 난 너의 시간 속너의 기억에 살아가너만 모르던 너의 모습을잊지 못했어너의 마음과 너의 사랑을알지 못했던이별보다 더 아팠던 사랑나일 테니까놓아볼게스치는 너의 흔적 사이로나 혼자 되풀이하던사랑해 미안하단 그 말 바보처럼이제 와서 너를 찾고 있나 봐매일 난 너의 시간 속너의 기억에 살아가너만 모르던 너의 모습을잊지 못했어너의 마음과 너의 사랑을알지 못했던이별보다 더 아팠던 사랑나일 테니까떠나볼게선명했던 우리의 추억마다흐려지는 나의 마음이다시 널 쏟아내나 봐한 번쯤 꼭 한번 다시우리가 만나게 되면돌아와 줄래 후회한다고 하고 싶은데너의 세상 속 너의 사랑을알지 못했던의미 없었던 지나간 사랑나일 테니까잠시 머물던 나의 사랑 안녕
Cold Blooded,"I’m so cold blooded I’m so naughty 우린 전문가 넌 돌팔이You’s a nobody with no body난 무대 위에서 까 노가리 겁나 매운맛으로 잘 나가는 맛집 차렸네 My kimchi so delicious need a Michelin That good good in ya mouth boy 걍 툭툭 보채지마 boy Touch your toesThen drop it low 뒤돌아보고 튕겨요흔들어 흔들어 흔들어 Spank! 손들어 손들어 손들어 Bang!Cold Blooded Ho(Ice cold baby ice ice ice)Now Look into my brown eyes 그래 거울 속의 나나내게 이러쿵저러쿵 해봤자Ain’t no hasta mañana이건 간식 이건 상식랩 때려 박아버려 나의 방식Come and beat it up like a mosh pit 땀이 흘러내린다 like CrossFit피가 차네 난 피가 찬 애That mean that ice in my vein기가 세네 난 기가 센 애깡이 좀 세 like I’m RainJ E crooked letter crooked letterYou know what the name is아무 말이나 해도다 말이 돼 말이 돼 cause I’m famousCold Blooded Ho(Ice cold baby ice ice ice)이리로 와 Look at me look at me look at me nowI am not playing around, I got the crown You cannot play on my ground이리로 이리로 와 Look at me look at me now I got the crown, this is my town I do not, I do not F with you clownsWe don’t give a whatMind your own (mind your own)I’m really in my zoneGot it going on (got it going on)We don’t give a whatMind your own (mind your own) I’m really in my zoneGot it going onGot it going on"
나랑 같이 걸을래 (바른연애 길잡이 X 적재),가을밤이 찾아와그대를 비추고또 나를 감싸네눈을 감을 때마다향기로운 네 맘이내게 전해지네너는 무슨 생각해나란히 누워서저 별을 바라볼 때면나와 같은 마음인지는 몰라도너와 함께 있는이 순간이 난 소중해나랑 같이 걸을래혹시 내일은 뭐해네가 부담되지 않는 날에산책이라도 할래그냥 날이 좋길래너와 걷고 싶어져서내일 많이 바쁘지 않으면혹시 나랑 같이 걸을래많이 어색한가 봐자꾸 딴 델 보고널 닮은 별만 바라봐싱그럽게 불어오는 바람에너와 함께 있는 이 순간이 난 소중해나랑 같이 걸을래혹시 내일은 뭐해네가 부담되지 않는 날에산책이라도 할래그냥 날이 좋길래너와 걷고 싶어져서내일 많이 바쁘지 않으면혹시 나랑 같이 걸을래힘들어 보일 땐내가 더 아파오고속상한 마음만 커져내가 곁에 있을게 항상너의 편이 되어줄게저 하늘의 별처럼나랑 같이 걸을래혹시 내일은 뭐해네가 부담되지 않는 날에산책이라도 할래그냥 날이 좋길래너와 걷고 싶어져서내일 많이 바쁘지 않으면혹시 나랑 같이 걸을래
Sticker,Stickertagging tagging tagging taggingI got what you need원하는 걸 골라 붙여I can show you needhip 하지 나란 StickerBang bang한껏 힘을 준 애들 좀 봐 봐NCT we will show you the vibe hi우리들의 로고를 총 모양으로Baby 겁을 내지 말아 줘Think about 네 별이 oh!잠식되지 않아 정말난 더 환하게 널 만들어두 세계 융화라는 거지구 말로는 그거 L.O.V.E ah네 맘이 시키는 대로 말해뜻대로 움직여도 된다는 말이야우리끼린 달달하게 팍 팍 sugar눈치 따윈 보지 말고네가 boss란 말이야걱정하지 말고 그냥 팍 팍 믿어너만 그래도 돼원해 그럼 너의 것이야내 옆에 너 꼭 붙어 있어봐Like a Sticker Sticker Sticker내 작품의 주인공은 너니까Like a Sticker Sticker Sticker골 아픈 세상은 신경 꺼너와 나의 역사만 써 내려가사랑한단 말 말곤 아껴 둬내 말 맞다면 throw your hands up섣불리 말고 세게 붙여know that I ain’t falling off애착심이 솟구치네Who put this all togetherI’m the Sticker for your love그니까 보인다면 ho들린다면 바로 대답해 like babyBaby 이끌리는 느낌 쎄Talk about 너의 중력 oh너무 세게 당겨 난리아주 까리한 내 태도가정신도 못 차리는 걸거부할 수 없다고 baby girl ahYou treat me like a boy꿈을 좇는 어른 아이처럼 말이야Fallin’ into my love my sugar들어봐 봐 이건 절대입에 발린 말이 아니야커져왔던 내 모든 감정들은널 맞이하기 위한 것네가 boss란 그 말이야내 옆에 너 꼭 붙어 있어봐Like a Sticker Sticker Sticker내 작품의 주인공은 너니까Like a Sticker Sticker Sticker골 아픈 세상은 신경 꺼너와 나의 역사만 써 내려가사랑한단 말 말곤 아껴 둬내 말 맞다면 throw your hands up모든 고민들은 bye bye bye흘러가는 대로 bye bye bye말해 뭐해 이미 우린정해져 있는 걸낮과 밤의 존재처럼자연스러운 걸U will gotta be only one I lovethis mellow drama너 없인 관객이 하나도 없는그런 mono drama 우리 같이 둘만의 파티를 열어오직 너만 V.I.P.걱정 마 준비가 됐어곧바로 천국을 봐봐Let’s go let’s goRoll up to the party roll up roll upRoll up to the party roll up roll upRoll up to the partyroll up roll up to the partyRoll up to the partyroll up roll up to theyeah yeah yeah내 옆에 너 꼭 붙어 있어봐Like a Sticker Sticker Sticker내 작품의 주인공은 너니까Like a Sticker Sticker Sticker골 아픈 세상은 신경 꺼너와 나의 역사만 써 내려가사랑한단 말 말곤 아껴 둬내 말 맞다면 throw your hands upLike a Sticker Sticker Sticker
VVS (Feat. JUSTHIS) (Prod. GroovyRoom),보여줘야겠어내가 망할 거랬던 놈들에게도내가 잘될 거라 했던 너에게도다 할게 최선갈아끼워 다 새 거My life's shining like a VVS VVS내 삶은 빛나 VVS VVS보란 듯 나와 TV에Now you see me babe내 삶은 빛나 VVS VVSSkrt-skrtHey new water new vv난 알바 째고 무대 위Yeah go get it go get it가사 위 가난이 빛나지안 가 무한리필살아봐야겠어 내 빌딩 Yeah개 같던 세상의뒤통수 치러 왔지더 크게 Callin’ ma name모두 날 보고 놀래미란이가 TV에떼버려 Tag사 새롭게 Yeah yeah타고 비행Skrr skrr 난 올라가Skrr skrr 난 빛이 나내가 뭐라 했어 Mom꺼내겠다고 포차맨 밑바닥의 소녀엄마의 술병이 날 만들어허기져 이를 꽉 물어Chit chat bout me 덤벼 겁쟁이 너VVS on ma neck 꿈 앞에녹슨 팔찌 버려 문 앞에구제 벨트 아직 허리에원망하던 과거와 춤출래인디고 카니발 Skrt-skrt목숨은 다 꺼내놓고자판기 밑 먼지 덕지덕지 붙은동전까지 털어-털어여기까지 왔지What you know about me내 속 이야기 털어놓으려지갑 털어 차린 술상 위넌 폰만 바라봤잖아이제 그 스크린에서 날 봐라 I'ma먹고서 Fly 너가 나갈 건 삔또지악플들이 돈과 함께 쏟아지니Got a nice ring to it꼬우면 네 오빠인지 아저씨인지한테일러바치고 한 판 더 뜨자 해 빛이나는 Solo라니까 뭘 그렇게 재니다 드루와 내 패기170에 60kg도 안 되지만 국보 1호 MCThe Q's certified new kingin the rap내가 TV에 쬐끔 나왔다고연예인 된 줄 알았다는 이미 넌 패Bigger stacks bigger schemesDo bigger thangG+Jus like this team I'm blessed모든 게 끝나고 홍대로 돌아가도모든 건 변함없겠지 Like this VVS보여줘야겠어내가 망할 거랬던 놈들에게도내가 잘될 거라 했던 너에게도다 할게 최선갈아끼워 다 새 거My life's shining like a VVS VVS내 삶은 빛나 VVS VVS보란 듯 나와 TV에Now you see me babe내 삶은 빛나 VVS VVSSkrt-skrtAy 먼치맨 복근에 장착된 VVS내 행동 위험해 걸리지 심의에자체 발광 계속해 실시해날 보고 배워요 EBS흔들릴 바엔 다 흔들어흘려온 땀이 내 Career명품이 없어도 고개를 쳐들어Keep my head upKeep your head up걱정도 했었지 DAY N NIGHT싸워서 만드는 내일의 나MBA 11명 매일이 Party난 역시나 함께일 때가 빛나Imma good vibeGV처럼 춤춰 GOOD BYE내 사랑아 잘 가 웃자형은 미련 안 키워OK 이제 난 노래나 불러전방에 1분간 함성을 발사기 모아 발포해 내 에너지파수직상승 올라가 내 텐션 도레미파먼치맨 YO YO I AIN't got no lie이제 빛난대 주변에서 TRUE어쩌면 너가 응원해서근데 네 말대로 모두특별하니까 라면특별히 뭐가 특별해더 묻고파도 바뀌었지마치 내 작업실 앞 거리짧던 이 사정거리 가사가다 퍼진 광역시또 걔가 부럽다는 팔로잉NOW YOU SEE삐까번쩍 빛나 벌써 이 밤처럼시간 없어 바쁜 삶일단 먼저 필사적으로 덤벼 던져기회는 한순간잡았다면 밝게 빛나그 어떤 래퍼의 목걸이보다도그 HEARTBEAT 진실의 파동넌 곧 못 볼 거니 좀 봐둬내 손목은 비었지만그건 실은 의도적이야천리안 없이 난 멀리 봐머리와 멋진 Rhyme시급으로 따지면 아마도 천만 원이야힉야 못 돌아가 시야가 넓어서날 부정하려면 너 보여봐라지금 내가 네게 보여준 것처럼보여줘야겠어내가 망할 거랬던 놈들에게도내가 잘될 거라 했던 너에게도다 할게 최선갈아끼워 다 새 거My life's shining like a VVS VVS내 삶은 빛나 VVS VVS보란 듯 나와 TV에Now you see me babe내 삶은 빛나 VVS VVSSkrt-skrt역시 성공은 고난을 동반말없이 등산을 등반하는 것처럼I gotta move하늘에 계신 할매 보고 있습니까조금 늦었습니다저 뱀들을 물리치느라이겨내거라내일이 없는 듯이 아버지권투선수 인생 한방이니깐필요하다 한방이알겠슴돠동네의 육상선수 나의 어머니론다로우지 장애물 따윈없는 듯이 달려라 태민You gotta moveLet’s go let’s go멜로디 없던 내 인생아침 해 다시 꼬기오술 팔아 쪽 팔아 벌었던 돈하루 사는 하루살이의 콧노래후룰룰루훈화말씀새 나라의 어린이 아니뭐 그런 흔한 말씀을 또Let’s go요것 좀 봐라라고 하는 선생 그거 좀 마라이 멋 좀 봐라야 걱정하지마머쉬베놈월이백에서 이천으로넌 떠나 서울 to 경기 이천으로넌 찍어라 브이로그옜다 저스디스 톤으로My life's shining like a VVS VVS내 삶은 빛나 VVS VVS보란 듯 나와 TV에Now you see me babe내 삶은 빛나 VVS VVSSkrt-skrt왔노라 봤노라결국 이겨냈노라
Bk Love,나의 마음 알고 있었니정말로 너만을 생각하며지냈던 날들하지만 너에 대한마음이 커지면 커질수록나는 더욱더힘들어 해야만 했어불안에 떨어야만 했어이제는 내 자신이 지쳤어너를 볼 자신이 없어그래 비겁하게너에게 등을 보이고도망가려 하는내 자신이 너무도 싫어하지만 나는 너무 늦게알아버린 거야내가 너를 좋아한다는 걸알았을 때하지만 그땐너무도 늦어 버렸어모든 게 변해 버렸어나는 너무도 초라했던 내가너에게 말할 용기도 자신도모두 잃어 버렸어하지만 그냥 그게좋았었지 라고생각했던 내가 어리석었어그게 그렇게 힘들 줄은난 정말로 몰랐던 걸이제야 늦게나마 난 깨달았던 거야이 모든 게 너에겐변명으로 들리겠지하지만 내 사랑은 오직 하나너 뿐이었다는 걸그대 이거 하나만은알아줬으면 해나만큼 너를 사랑해 줄사람 없다는 걸이 모든 게 너에겐변명으로 들리겠지하지만 내 사랑은 오직 하나너 뿐이었다는 걸그대 이거 하나만은알아줬으면 해나만큼 너를 사랑해 줄사람 없다는 걸돌아서는 네 모습바라보는 내게더 이상의 슬픔은 없어Baby끝이 된 사랑을 놓지 못해슬픔에 울지 못해baby 제발내 가슴에 젖은내 친구의 처진 목소리처음부터 어긋나버린끝이 된 사랑얘기내 친구의 아픔을이해 못할 슬픔을달래긴 힘겨워서불러본다 노래진정 네가 사랑했던꽃잎 같은 그녈 위해많은 시간 홀로 지내며준비했던 사랑그 한 송이꽃을 피우기 위해흘러내린 눈물은빛을 바라지 못하고한줌 흙이 되어 날려수많은 날을 밤을한숨으로 보내며 지내며생각의 마지막에어렵게 내려진 결론그건 결코 쉽지 않게 내려진그녈 위한 너를 위한네 사랑의 결별의 종말론언젠가는 이루지 못한너의 둘의 안타까운 사랑이저 하늘의 두 빛으로 만나하늘에 줄을 긋는별똥별이 되어다음 생엔 그 사랑이분명히 이뤄지길 바래내 친구는아직 그녈 사랑해요하지만 그녈 위해내 친구는 떠난대요이런 게 사랑이라생각하면 숨막혀요그래서인지 내 친구는아직 우나 봐요 bk내 친구는아직 그녈 사랑해요하지만 그녈 위해내 친구는 떠난대요이런 게 사랑이라생각하면 숨막혀요그래서인지 내 친구는아직 우나 봐요돌아서는 네 모습바라보는 내게더 이상의 슬픔은 없어baby baby끝이 된 사랑을 놓지 못해슬픔에 울지 못해baby 제발
너 하나야 (낮에 뜨는 달 X 길구봉구),내 가슴이 뛰고 있는걸 알려준 사람숨을 쉴 때 마다 차오르는 한 사람밀어내려고 해봐도 비워내려 해봐도점점 그리워지는 사람멍이 진 것처럼 퍼져서 더 아픈 사람눈을 감아도 맘으로 보이는 사람버티려고 애써 봐도 잊으려고 해봐도가슴 가득 단 한 사람내가 살아가는 이유 너 하나야내가 숨을 쉬는 이유 너 하나야가슴이 터질 것처럼불러보는 한 사람 너야내 마음에 새긴 건 너 하나야소리없이 내 맘 가져간 참 나쁜 사람내게 사랑이란 아픈 것만 준 사람숨겨보려고 해봐도 아니라고 해봐도가슴 가득 단 한 사람내가 살아가는 이유 너 하나야내가 숨을 쉬는 이유 너 하나야가슴이 터질 것처럼불러보는 한 사람 너야오직 너만 들릴 수 있게너만 느낄 수 있게지금 너를 부르잖아 내가 여기 서 있잖아너는 세상 하나 남은 나의 꿈이야너는 세상 하나뿐인 나의 전부야가슴이 터질 것처럼불러보는 한 사람 너야평생 바라보는 사람 너 하나야평생 하나뿐인 사랑 너 하나야심장이 멈춘다 해도불러보는 한 사람 너야내 마음에 새긴 한 사람 너야
나의 첫사랑,그때의 나는 너를 만나서하나부터 열까지모든 순간들이 소중했어내 첫사랑 잊고 싶지 않은 꿈영원히 바래지 않는 그 마음 말야꽤 오랜 날들이 지나고서로가 밉던 밤들도너무 보고 싶어 울던 밤도아름답게 기억할 수 있는 건그 시절 가장 예뻤던우리 때문 일거야나의 첫사랑행복하길 진심으로 바라고 있어우리의 이야기는 이렇게 끝나도오직 서롤 사랑했던 그 시간들에게언젠가 웃으며두 손을 흔들 날이 올 거야사랑이 전부였던 그때는아무것도 모른 채로매일 내일을 그려갔어철이 없던 영원할 줄 알았던그 시절 가장 빛나던우릴 기억할 거야나의 첫사랑행복하길 진심으로 바라고 있어우리의 이야기는 이렇게 끝나도오직 서롤 사랑했던 그 시간들에게언젠가 웃으며두 손을 흔들 날이 올 거야그 말을 기억하니내 마지막 한 사람이 너일 거라고어렵게 꺼낸 수줍은 말들은여기에 모두 간직하며 살게나의 첫사랑행복해줘 내게 부족했던 모든 걸채워줄 그런 사람 그 사람을 만나서오직 서롤 사랑했던 그 시간들에게언젠가 웃으며두 손을 흔들 날이 올 거야
내 기억 속에 남아 있는 그대 모습은,눈을 감고 불어온 밤바람에찬찬히 흩날린 머리칼을 맡기며감겨오는 옷자락 소리에너와 손잡았던 그때 생각이나오 같은 공원 그 거리지금 우린 발을 맞춰꼭 같은 계절 이 거리우리 다시 걸어보자오 바래진 내 지갑속 넣어둔 이 약속봄 바람같은 미소그 날이 선명해내 기억 속에 남아 있는 그대 모습은낡은 책 페이지 한장에어김없이 다가와가지런히 개어놓은 내 마음을 어질러 되돌려 달라 널 불러본다시간이 얼마나 흐른지도 모른 채계절이 몇번씩 도는지도 모른 채집에 돌아가는 길엔그새도 못참아 난전화를 밤새 붙잡았지내 기억 속에 남아 있는 그대 모습은낡은 책 페이지 한장에어김없이 다가와가지런히 개어놓은 내 마음을 어질러 되돌려 달라 널 불러본다라라 라라라 라 라라라 라라너의 두 눈동자는 날 설레게 하고유치하게 고백했던너와에 사랑 노래도아직 내겐 들려오지만내 기억 속에 남아 있는 그대 모습은낡은 책 페이지 한장에어김없이 다가와가지런히 개어놓은 내 마음을 어질러 되돌려 달라 널 불러본다
어떻게 지내 (Prod. By VAN.C),어떻게 지내 식상한 말이내 가사가 될 줄 몰랐어얼마 안됐네 지나온 날이다 알아도 그립더라고i still need you i need youi still need you i need you시간이 필요했어 우린 정말 사랑했지만가살 쓰는 법도 잊어버리게 됐지 난넌 헤어지면 우리 노랠 제발 내지 말아달라 했지만 못 들어줘 미안나는 하루 종일 누워 있었어불면이 심해져서 안 피곤한 날이 없어가끔은 문 밖에서 누가 문을 두드려그건 환상인데도 나는 두려워다시 눈 뜨면 니가 있을까 그럼 무서운 표정을 지을까아니면 어떤 대화를 나누고 싶어질 수도 있어 그때처럼대체 왜 보고싶지 남겨진 상처 대신남은 건 혼자 돼버린 역시 너와 나겠지난 아직 낯설기만 해 넌 어때더 지독해 지기 전에 잊어볼게어떻게 지내 식상한 말이내 가사가 될 줄 몰랐어얼마 안됐네 지나온 날이다 알아도 그립더라고i still need you i need youi still need you i need you월요일에 병원을 예약했어너 없이 사는게 힘들었나봐하루도 빼지 않고 사람을 만나너도 알겠지만 오봉이도 데려 왔어 너무 그리워하지 않더라 예범이는난 약을 먹었지만 아닐거야 별일은자전거를 타고 어디론가 가려하면다 너와 간 곳 뿐인게 좀 그럴 뿐야여기저기에 핑계를 대 불면증 습관이 돼너가 아닌 사람에게 널 원하고흉터가 된 상처는 더 이상 아프지가 않잖아그래서 널 그리나봐 이젠 눈물이 나와널 다치게 하지 않을 순 없었을까만약 나 때문이었다면 다 나 때문이면어떻게 지내 식상한 말이내 가사가 될 줄 몰랐어얼마 안됐네 지나온 날이다 알아도 그립더라고i still need you i need youi still need you i need you널 이렇게 망가지게 한 게나인 건 아닐까내가 이렇게 망가지다니대체 왜 병원에 다닐까널 이렇게 망가지게 한 게나인 건 아닐까내가 이렇게 망가지다니대체 왜 병원에 다닐까
찬란한 계절,비가 내리는 반대편으로여름을 향해 달리네내게로 내미는 어떤 것도끝내 붙잡지 못하고 말았네피는 것보다 지는 게 더 많아서찬란한 계절의 너는어설픈 나의 맘에차게 기울었지나는 혼자 멈춰있는 채날 많이 미워하고 있을 네가너무 보고 싶어난 왜 난 왜 난 왜네게서 도망치지 못할까반가운 얼굴을 보고도 모른 체두 눈을 감았네머릿속 그려낸 하늘은두 눈으로 보는 것과 달라서피는 것보다 적당히 또 지는 게더 나을 것도 같아서초라한 나의 맘의 창문을 닫은 채먼지 속에서 숨 쉬는데날 많이 미워하고 있을 네가너무 보고 싶어난 왜 난 왜 난 왜네게서 도망치지 못할까날 많이 미워하고 있을 네게물어보고 싶어넌 왜 넌 왜 넌 왜내게서 떠나가지 않는지
해운대,술은 끊었어이제 관심 없겠지만니가 좋아하던 쓴 커피도가끔 마셔어제 올렸던짧게자른 그 모습에좋아 못했었어요즘 니가 너무 보고싶어밤에 잠도 잘 못자우리가 함께 떠났던해운대 모래사장 앞이야너와 나 걸어갔던 밤이야사소했던 장난조차 특별했던예쁘게 사랑하자고이 손 놓지말자고입맞춤했던청사포 그 횟집도달맞이 그 카페도그대론데뭐해 전화 하고 싶었지만괜히 망칠 것 같아답답해 혼자 떠났던해운대 모래사장 앞이야너와 나 걸어갔던 밤이야사소했던 장난조차 특별했던예쁘게 사랑하자고이 손 놓지말자고입맞춤했던청사포 그 횟집도달맞이 그 카페도그대론데돌아오는 기차역 앞에서우리 꼭 다시 놀러오자고약속했던 그날들이아직도 이렇게 선명한데우리의 이별은 한번인데그리운 마음은 왜 잦은지사소했던 장난조차 특별했던예쁘게 사랑하자고이 손 놓지말자고입맞춤했던청사포 그 횟집도달맞이 그 카페도그대론데
늦은 밤 너의 집 앞 골목길에서,오래되었어 그때 너의 웃음너의 목소리 잊혀진거 같아시간의 위로 그 말의 의미를 이젠 알아아픈 니 얘기도 적당히 할 수 있어그런데 이게 뭐랄까 난 난 술 한잔하면서괜찮은 듯 얘기하며 널 털어냈는데집으로 돌아오면서 한 번 더 떠오른 기억에걸음을 멈춰 서서 이렇게 울고 있어 자연스럽게 발걸음을 돌려나 바래다주던 익숙한 길을 가밤이 깊어져서 아무것도 보이지 않아도손을 흔들면서 인사하던 널 봤어 그런데 이게 뭐랄까 난 난 술 한잔하면서괜찮은 듯 얘기하며 널 털어냈는데집으로 돌아오면서 한 번 더 떠오른 기억에걸음을 멈춰 서서 이렇게 울고 있어아무도 없어서 참 다행이야나 이렇게 편안히 너를 부를 수 있는 걸외로운 위로겠지만 그래서 이젠 뭘 할까 난 난 널 생각했어도괜찮은 듯 얘기하며 다 지워냈는데집으로 돌아오면서 한 번 더 떠오른 추억에걸음을 멈춰 서서 또다시 울고 있어
라라라,그대는 참 아름다워요밤 하늘의 별빛보다 빛나요지친 나의 마음을 따뜻하게 감싸줄그대 품이 나의 집이죠세찬 바람 앞에서꺼질듯한 내 사랑도잘 참고서 이겨내줬어요정말 눈물나도록 고마운 맘 아나요그대 내곁에 살아줘서사랑해요 사랑해요내가 그대에게 부족한걸 알지만세월을 걷다보면 지칠때도 있지만 그대의 쉴곳이 되리라사랑해요 고마운 내 사랑평생 그대만을 위해 부를 이노래사랑 노래 함께 불러요둘이서 라라라그대 쳐진 어깨가 내맘을 아프게해요잘 해준것도 없는 나라서그대의 고운 손이 세월에 변했어요못지켜줘서 미안해요사랑해요 사랑해요내가 그대에게 부족한걸 알지만세월을 걷다보면 지칠때도 있지만그대의 쉴곳이 되리라사랑해요 고마운 내 사랑평생 그대만을 위해 부를 이노래사랑노래 함께 불러요둘이서 라라라고마워요 고마워요그대 자신보다 나를 아껴준 사랑세상이 등 돌려도 누가 뭐라고 해도내가 그대 지켜줄게요사랑해요 소중한 내사랑평생 그대만을 위해 부를 이노래사랑노래 함께 불러요둘이서 라라라그대 품이 나의 집이죠 영원히 라라라
고백,내 오래된 친구인 널좋아하게 됐나 봐아무렇지 않은 듯 널 대해도마음은 늘 떨렸어미소 짓는 너를 보면우리 사이가 어색할까 두려워아무런 말 하지 못한 채돌아서면 눈물만 흘렸어말해야 하는데 네 앞에 서면아무 말 못하는 내가 미워져용기를 내야해 후회하지 않게조금씩 너에게 다가가날 고백해야해처음 너를 만났던 날기억할 순 없지만그저 그런 친구로 생각했고지금과는 달랐어미소 짓는 너를 보면우리 사이가 어색할까 두려워하루 종일 망설이다헤어지면 눈물만 흘렸어말하고 싶은데 사랑한다고아무 말 못하는 내가 너무 미워용기를 내야해 후회하지 않게조금씩 너에게 다가가날 고백할 거야용기를 내야 해 후회하지 않게조금씩 너에게 다가가날 고백할 거야사랑한다고 아무 말 못하는내가 너무 미워용기를 내야 해 후회하지 않게조금씩 너에게 다가가날 고백할 거야
가까운 듯 먼 그대여,저 달빛에 그려지는그대의 미소를 간직해그을진 저 노을 속에그대 얼굴이 떠올라또 찬바람이 불어와그대의 맘을 뒤흔들면포근한 저 바람 되어안아줄게 그댈그대는 밤하늘에 놓인작은 별 같아요 매일밤마다 나를 찾아와나의 맘을 흔들어 놓는가까운 듯 먼 그대여그댈 또 그려보네밤하늘 별들이 되어밤하늘에 놓인 별들그대의 모습과 같아서홀로 그댈 생각하며오늘도 늦은 잠 이뤄요그대는 밤하늘에 놓인작은 별 같아요 매일밤마다 나를 찾아와나의 맘을 흔들어 놓는가까운 듯 먼 그대여그댈 또 그려보네밤하늘 별들이 되어매일 꿈속에서도 준비한 말들을이젠 해야 할 것 같은데말처럼 되질 않아 오늘도그대는 밤하늘에 놓인작은 별 같아요 매일밤마다 나를 찾아와나의 맘을 흔들어 놓네
상상더하기,워우예~ 예~1 2 Come on R U ready! 3 4 Do it I'm ready! 5 6 Baby are you ready!지금 나와 어디든 가자 지루한 하루 여기까지만 All stop작은 가방 운동화 챙겨 자 더 크게 Radio를 높이고코발트블루 물결 눈부신 바다 (달빛 가득 묻은 작은 섬)야경이 눈부신 도시는 어때 (함께라면 어디든 좋아 난~)너와 나 그곳으로 떠나는 거야상상에 상상에 상상을 더해서 (어머 깜짝야) 눈부셔 눈부셔 눈부셔 이건 뭐Oh hello new world 두 손 모아 소리치면 푸른 하늘이 내게로 와(날아가볼래) 상상의 상상의 미래로 가볼까 (바람을 타고) 새로운 눈빛에 가슴이 붐 붐 붐~Oh 발견했어 우리들만의 Paradise~ (Oh Paradise~ Yeah~)흑백영화 같은 하루에 레몬 터지듯 짜릿함이 필요해지금 당장 널 데려갈게 꿈꿔오던 사진 속 그곳으로민트 그린 빛 바람 가득한 숲 속 (달콤한 향기의 칵테일)지도를 벗어나 ticket to the dream (함께라면 어디든 좋아 난)너와 나 그곳으로 떠나는 거야상상에 상상에 상상을 더해서 (어머 깜짝야) 눈부셔 눈부셔 눈부셔 이건 뭐Oh hello new world 두 손 모아 소리치면 푸른 하늘이 내게로 와(날아가볼래) 상상의 상상의 미래로 가볼까 (바람을 타고) 새로운 눈빛에 가슴이 붐 붐 붐~Oh 발견했어 우리들만의 Paradise~너와 나의 비밀스러운 풍경들 언제라도 다시 와 주겠니은하수 아래 밤새 부른 노래 영원히 잊지 않을 거야~~이 시간 속에 영원히 네 품에 안기고 싶은 걸 (단둘이 이 순간 잠들고 싶은 걸)지도엔 없는 이곳을 꼭 기억해줘 (우리들만의 Paradise~ Oh~)상상에 상상에 상상을 더해서 (어머 깜짝야) 눈부셔 눈부셔 눈부셔 이건 뭐oh hello new world 처음 만난 세상 속에 나의 가슴이 라 라 라 라(날아가볼래) 상상의 상상의 미래로 가볼까 (바람을 타고) 새로운 눈빛에 가슴이 붐 붐 붐~oh 발견했어 우리들만의 Paradise~ (너와 나~ Yeah~)1 2 Come on R U ready! 3 4 Do it I'm ready! 5 6 Baby are you ready!
Coin,"강자에게 더 세게 I love gamble과감할수록 신세계 on my tableI’m sorry 세상이 원래 불공평해So 더럽게 재미있지 Now I move I move I move I move I moveGo ahead I don’t look no look no look no look no lookWhat’s in my hand I said go Baby 알잖아 내가 한 번 미치면어디까지 가는지마지막 게임이니만큼후회 없는 실수를 저질러 I can’t die I’m all-inBorn to be gambler배운 적 없지 even no tutor최악의 패를 가지고 싹 쓸어한 수 배우고 싶음 더 예의 있게 굴어 승리를 손에 꽉 잡아 말아 쥐어Worth more than jewels저리 가서 놀아줘It’s no kids zone매경기 살벌하게난 목숨을 걸어 like a bullfight Go vamos vamos vamos vamos vamosGo ahead It’s new rule new rule new rule new rule new ruleWatch your back I said goBaby 알잖아 내가 지금 이 판에도대체 뭘 거는지마지막 betting이니만큼엉망으로 테이블을 어질러 I can’t die I’m all-in Queen, Nicely done. My bad you lose.구걸하지 않는 눈빛 우리 game의 ruleCome on, give it up. Wholly you lose.끝내줄게 그만 여기서 I can’t die I’m all-in (It’s my lastno game no more no more) I can’t die I’m all-in (It’s my lastno game no more no more)I can’t die I’m all-in"
